id	datetime	time	program_name	compiler	base_opt	optimization_flags	width	height	cpu_name	cpu_mhz	cpu_cache	apic	vme
5104f406817164eab235803fa06dbd16	2013-04-17 22:25:29	0.0041661978	symm	gcc	-O2	None	64	64	Intel(R) Xeon(R) CPU           E5430  @ 2.66GHz	2666.76	6144	False	False
5104f406817164eab235803fa06dcc6d	2013-04-17 22:25:14	1.3440570831	symm	gcc	-O2	None	256	256	Intel(R) Xeon(R) CPU           E5430  @ 2.66GHz	2666.76	6144	False	False
5104f406817164eab235803fa06dd50b	2013-04-17 22:24:57	0.121064496	symm	gcc	-O2	None	128	128	Intel(R) Xeon(R) CPU           E5430  @ 2.66GHz	2666.76	6144	False	False
5104f406817164eab235803fa06dddaf	2013-04-17 22:24:38	1.2673475742	symm	gcc	-O2	None	256	256	Intel(R) Xeon(R) CPU           E5430  @ 2.66GHz	2666.76	6144	False	False
5104f406817164eab235803fa06de184	2013-04-17 22:24:22	15.1372591257	symm	gcc	-O2	None	512	512	Intel(R) Xeon(R) CPU           E5430  @ 2.66GHz	2666.76	6144	False	False
5104f406817164eab235803fa06de24c	2013-04-17 22:23:11	-0.0228437901	symm	gcc	-O2	None	4	4	Intel(R) Xeon(R) CPU           E5430  @ 2.66GHz	2666.76	6144	False	False
5104f406817164eab235803fa06de5b8	2013-04-17 22:22:54	0.0097585201	symm	gcc	-O2	None	16	16	Intel(R) Xeon(R) CPU           E5430  @ 2.66GHz	2666.76	6144	False	False
5104f406817164eab235803fa06df5a6	2013-04-17 22:22:39	370.921125722	symm	gcc	-O2	None	1024	1024	Intel(R) Xeon(R) CPU           E5430  @ 2.66GHz	2666.76	6144	False	False
5104f406817164eab235803fa06df710	2013-04-17 21:50:47	0.1182542086	symm	gcc	-O2	None	128	128	Intel(R) Xeon(R) CPU           E5430  @ 2.66GHz	2666.76	6144	False	False
5104f406817164eab235803fa06e035a	2013-04-17 21:50:27	14.7874591589	symm	gcc	-O2	None	512	512	Intel(R) Xeon(R) CPU           E5430  @ 2.66GHz	2666.76	6144	False	False
5104f406817164eab235803fa06e087c	2013-04-17 21:49:14	0.0023874998	symm	gcc	-O2	None	16	16	Intel(R) Xeon(R) CPU           E5430  @ 2.66GHz	2666.76	6144	False	False
5104f406817164eab235803fa06e164f	2013-04-17 21:48:58	9.7868809938	symm	gcc	-O2	None	512	512	Intel(R) Xeon(R) CPU           E5430  @ 2.66GHz	2666.76	6144	False	False
5104f406817164eab235803fa06e1b35	2013-04-17 21:48:15	2.89559364319E-005	symm	gcc	-O2	None	32	32	Intel(R) Xeon(R) CPU           E5430  @ 2.66GHz	2666.76	6144	False	False
9ff417eb5b97d9a0807a2573c17b6a70	2013-04-18 16:54:04	4.3674497604	symm	gcc	-O2	None	512	512	Intel(R) Core(TM)2 Quad  CPU   Q8200  @ 2.33GHz	2333.359	2048	True	True
9ff417eb5b97d9a0807a2573c17b6fdf	2013-04-18 16:53:44	45.4355600595	symm	gcc	-O2	None	1024	1024	Intel(R) Core(TM)2 Quad  CPU   Q8200  @ 2.33GHz	2333.359	2048	True	True
9ff417eb5b97d9a0807a2573c17b7cc9	2013-04-18 16:50:41	0.0009711981	symm	gcc	-O2	None	2	2	Intel(R) Core(TM)2 Quad  CPU   Q8200  @ 2.33GHz	2333.359	2048	True	True
9ff417eb5b97d9a0807a2573c17b82e4	2013-04-18 16:50:39	0.000802207	symm	gcc	-O2	None	32	32	Intel(R) Core(TM)2 Quad  CPU   Q8200  @ 2.33GHz	2333.359	2048	True	True
9ff417eb5b97d9a0807a2573c17b8551	2013-04-18 16:50:37	2.00271606446E-006	symm	gcc	-O2	None	8	8	Intel(R) Core(TM)2 Quad  CPU   Q8200  @ 2.33GHz	2333.359	2048	True	True
9ff417eb5b97d9a0807a2573c17b8618	2013-04-18 16:50:35	0.0003631115	symm	gcc	-O2	None	16	16	Intel(R) Core(TM)2 Quad  CPU   Q8200  @ 2.33GHz	2333.359	2048	True	True
9ff417eb5b97d9a0807a2573c17b8819	2013-04-18 16:50:34	0.0004106045	symm	gcc	-O2	None	8	8	Intel(R) Core(TM)2 Quad  CPU   Q8200  @ 2.33GHz	2333.359	2048	True	True
9ff417eb5b97d9a0807a2573c17b8bc4	2013-04-18 16:50:32	0.0001373053	symm	gcc	-O2	None	32	32	Intel(R) Core(TM)2 Quad  CPU   Q8200  @ 2.33GHz	2333.359	2048	True	True
9ff417eb5b97d9a0807a2573c17b9595	2013-04-18 16:50:30	0.0146209002	symm	gcc	-O2	None	128	128	Intel(R) Core(TM)2 Quad  CPU   Q8200  @ 2.33GHz	2333.359	2048	True	True
9ff417eb5b97d9a0807a2573c17b9fca	2013-04-18 16:50:28	0.0010979891	symm	gcc	-O2	None	64	64	Intel(R) Core(TM)2 Quad  CPU   Q8200  @ 2.33GHz	2333.359	2048	True	True
9ff417eb5b97d9a0807a2573c17ba988	2013-04-18 16:50:26	2.31981277466E-005	symm	gcc	-O2	None	16	16	Intel(R) Core(TM)2 Quad  CPU   Q8200  @ 2.33GHz	2333.359	2048	True	True
9ff417eb5b97d9a0807a2573c17bb511	2013-04-18 16:50:24	0.146166594	symm	gcc	-O2	None	256	256	Intel(R) Core(TM)2 Quad  CPU   Q8200  @ 2.33GHz	2333.359	2048	True	True
9ff417eb5b97d9a0807a2573c17bbe9c	2013-04-18 16:50:13	3.50475311279E-006	symm	gcc	-O2	None	8	8	Intel(R) Core(TM)2 Quad  CPU   Q8200  @ 2.33GHz	2333.359	2048	True	True
9ff417eb5b97d9a0807a2573c17bbfc6	2013-04-18 16:50:12	-0.0002414942	symm	gcc	-O2	None	32	32	Intel(R) Core(TM)2 Quad  CPU   Q8200  @ 2.33GHz	2333.359	2048	True	True
9ff417eb5b97d9a0807a2573c17bc71b	2013-04-18 16:50:10	378.669504261	symm	gcc	-O2	None	2048	2048	Intel(R) Core(TM)2 Quad  CPU   Q8200  @ 2.33GHz	2333.359	2048	True	True
9ff417eb5b97d9a0807a2573c17bce2e	2013-04-18 16:24:47	0.0146510839	symm	gcc	-O2	None	128	128	Intel(R) Core(TM)2 Quad  CPU   Q8200  @ 2.33GHz	2333.359	2048	True	True
9ff417eb5b97d9a0807a2573c17bd255	2013-04-18 16:24:45	0.0156805992	symm	gcc	-O2	None	128	128	Intel(R) Core(TM)2 Quad  CPU   Q8200  @ 2.33GHz	2333.359	2048	True	True
9ff417eb5b97d9a0807a2573c17bdb44	2013-04-18 16:24:43	0.0002596474	symm	gcc	-O2	None	2	2	Intel(R) Core(TM)2 Quad  CPU   Q8200  @ 2.33GHz	2333.359	2048	True	True
9ff417eb5b97d9a0807a2573c17beb1a	2013-04-18 16:24:36	4.2946282625	symm	gcc	-O2	None	512	512	Intel(R) Core(TM)2 Quad  CPU   Q8200  @ 2.33GHz	2333.359	2048	True	True
9ff417eb5b97d9a0807a2573c17bf488	2013-04-18 16:24:17	0.0001357794	symm	gcc	-O2	None	4	4	Intel(R) Core(TM)2 Quad  CPU   Q8200  @ 2.33GHz	2333.359	2048	True	True
9ff417eb5b97d9a0807a2573c17bff9e	2013-04-18 16:24:15	-4.23908233643E-005	symm	gcc	-O2	None	16	16	Intel(R) Core(TM)2 Quad  CPU   Q8200  @ 2.33GHz	2333.359	2048	True	True
9ff417eb5b97d9a0807a2573c17c09d0	2013-04-18 16:24:13	0.000782299	symm	gcc	-O2	None	2	2	Intel(R) Core(TM)2 Quad  CPU   Q8200  @ 2.33GHz	2333.359	2048	True	True
9ff417eb5b97d9a0807a2573c17c11c1	2013-04-18 16:24:12	0.0003342152	symm	gcc	-O2	None	4	4	Intel(R) Core(TM)2 Quad  CPU   Q8200  @ 2.33GHz	2333.359	2048	True	True
9ff417eb5b97d9a0807a2573c17c1eb0	2013-04-18 16:24:09	379.300689411	symm	gcc	-O2	None	2048	2048	Intel(R) Core(TM)2 Quad  CPU   Q8200  @ 2.33GHz	2333.359	2048	True	True
9ff417eb5b97d9a0807a2573c17c299d	2013-04-18 15:58:45	377.04951055	symm	gcc	-O2	None	2048	2048	Intel(R) Core(TM)2 Quad  CPU   Q8200  @ 2.33GHz	2333.359	2048	True	True
9ff417eb5b97d9a0807a2573c17c2b38	2013-04-18 15:33:29	-3.3118724823E-005	symm	gcc	-O2	None	8	8	Intel(R) Core(TM)2 Quad  CPU   Q8200  @ 2.33GHz	2333.359	2048	True	True
9ff417eb5b97d9a0807a2573c17c324e	2013-04-18 15:33:22	4.4047367096	symm	gcc	-O2	None	512	512	Intel(R) Core(TM)2 Quad  CPU   Q8200  @ 2.33GHz	2333.359	2048	True	True
9ff417eb5b97d9a0807a2573c17c3bbd	2013-04-18 15:33:04	0.000759697	symm	gcc	-O2	None	32	32	Intel(R) Core(TM)2 Quad  CPU   Q8200  @ 2.33GHz	2333.359	2048	True	True
9ff417eb5b97d9a0807a2573c17c3df1	2013-04-18 15:33:01	45.4311075211	symm	gcc	-O2	None	1024	1024	Intel(R) Core(TM)2 Quad  CPU   Q8200  @ 2.33GHz	2333.359	2048	True	True
9ff417eb5b97d9a0807a2573c17c4322	2013-04-18 15:29:58	0.0004613876	symm	gcc	-O2	None	32	32	Intel(R) Core(TM)2 Quad  CPU   Q8200  @ 2.33GHz	2333.359	2048	True	True
9ff417eb5b97d9a0807a2573c17c46e6	2013-04-18 15:29:56	0.0146986961	symm	gcc	-O2	None	128	128	Intel(R) Core(TM)2 Quad  CPU   Q8200  @ 2.33GHz	2333.359	2048	True	True
9ff417eb5b97d9a0807a2573c17c4d15	2013-04-18 15:29:54	-0.0002470231	symm	gcc	-O2	None	8	8	Intel(R) Core(TM)2 Quad  CPU   Q8200  @ 2.33GHz	2333.359	2048	True	True
9ff417eb5b97d9a0807a2573c17c5cbd	2013-04-18 15:29:46	-0.0001383972	symm	gcc	-O2	None	4	4	Intel(R) Core(TM)2 Quad  CPU   Q8200  @ 2.33GHz	2333.359	2048	True	True
9ff417eb5b97d9a0807a2573c17c61dd	2013-04-18 15:29:40	0.1554909945	symm	gcc	-O2	None	256	256	Intel(R) Core(TM)2 Quad  CPU   Q8200  @ 2.33GHz	2333.359	2048	True	True
9ff417eb5b97d9a0807a2573c17c6aed	2013-04-18 15:29:33	4.4056891203	symm	gcc	-O2	None	512	512	Intel(R) Core(TM)2 Quad  CPU   Q8200  @ 2.33GHz	2333.359	2048	True	True
9ff417eb5b97d9a0807a2573c17c6f4a	2013-04-18 15:29:14	0.0001857996	symm	gcc	-O2	None	2	2	Intel(R) Core(TM)2 Quad  CPU   Q8200  @ 2.33GHz	2333.359	2048	True	True
9ff417eb5b97d9a0807a2573c17c74bc	2013-04-18 15:29:12	-0.0001744986	symm	gcc	-O2	None	4	4	Intel(R) Core(TM)2 Quad  CPU   Q8200  @ 2.33GHz	2333.359	2048	True	True
9ff417eb5b97d9a0807a2573c17c77ee	2013-04-18 15:29:10	45.5863405466	symm	gcc	-O2	None	1024	1024	Intel(R) Core(TM)2 Quad  CPU   Q8200  @ 2.33GHz	2333.359	2048	True	True
9ff417eb5b97d9a0807a2573c17c7b5b	2013-04-18 15:26:06	0.0012163877	symm	gcc	-O2	None	64	64	Intel(R) Core(TM)2 Quad  CPU   Q8200  @ 2.33GHz	2333.359	2048	True	True
9ff417eb5b97d9a0807a2573c17c8ade	2013-04-18 15:26:04	377.67556541	symm	gcc	-O2	None	2048	2048	Intel(R) Core(TM)2 Quad  CPU   Q8200  @ 2.33GHz	2333.359	2048	True	True
9ff417eb5b97d9a0807a2573c17c95c6	2013-04-18 15:00:51	0.0008038044	symm	gcc	-O2	None	64	64	Intel(R) Core(TM)2 Quad  CPU   Q8200  @ 2.33GHz	2333.359	2048	True	True
9ff417eb5b97d9a0807a2573c17ca574	2013-04-18 15:00:49	0.0009948945	symm	gcc	-O2	None	64	64	Intel(R) Core(TM)2 Quad  CPU   Q8200  @ 2.33GHz	2333.359	2048	True	True
9ff417eb5b97d9a0807a2573c17cace0	2013-04-18 15:00:42	0.0004657507	symm	gcc	-O2	None	8	8	Intel(R) Core(TM)2 Quad  CPU   Q8200  @ 2.33GHz	2333.359	2048	True	True
9ff417eb5b97d9a0807a2573c17cb3ac	2013-04-18 15:00:35	8.56161117554E-005	symm	gcc	-O2	None	32	32	Intel(R) Core(TM)2 Quad  CPU   Q8200  @ 2.33GHz	2333.359	2048	True	True
9ff417eb5b97d9a0807a2573c17cb535	2013-04-18 15:00:34	0.1492063761	symm	gcc	-O2	None	256	256	Intel(R) Core(TM)2 Quad  CPU   Q8200  @ 2.33GHz	2333.359	2048	True	True
9ff417eb5b97d9a0807a2573c17cc2a1	2013-04-18 15:00:27	378.682156205	symm	gcc	-O2	None	2048	2048	Intel(R) Core(TM)2 Quad  CPU   Q8200  @ 2.33GHz	2333.359	2048	True	True
9ff417eb5b97d9a0807a2573c17cc6a6	2013-04-18 14:35:09	-0.0006182909	symm	gcc	-O2	None	4	4	Intel(R) Core(TM)2 Quad  CPU   Q8200  @ 2.33GHz	2333.359	2048	True	True
9ff417eb5b97d9a0807a2573c17ccb82	2013-04-18 14:35:07	376.528826737	symm	gcc	-O2	None	2048	2048	Intel(R) Core(TM)2 Quad  CPU   Q8200  @ 2.33GHz	2333.359	2048	True	True
9ff417eb5b97d9a0807a2573c17cd15f	2013-04-18 14:09:54	0.0001025653	symm	gcc	-O2	None	4	4	Intel(R) Core(TM)2 Quad  CPU   Q8200  @ 2.33GHz	2333.359	2048	True	True
9ff417eb5b97d9a0807a2573c17ce0a3	2013-04-18 14:09:48	0.0139050007	symm	gcc	-O2	None	128	128	Intel(R) Core(TM)2 Quad  CPU   Q8200  @ 2.33GHz	2333.359	2048	True	True
9ff417eb5b97d9a0807a2573c17ce777	2013-04-18 14:09:45	45.6711110353	symm	gcc	-O2	None	1024	1024	Intel(R) Core(TM)2 Quad  CPU   Q8200  @ 2.33GHz	2333.359	2048	True	True
9ff417eb5b97d9a0807a2573c17cee61	2013-04-18 14:06:41	0.0001246715	symm	gcc	-O2	None	4	4	Intel(R) Core(TM)2 Quad  CPU   Q8200  @ 2.33GHz	2333.359	2048	True	True
9ff417eb5b97d9a0807a2573c17cfb7d	2013-04-18 14:06:34	4.3439601255	symm	gcc	-O2	None	512	512	Intel(R) Core(TM)2 Quad  CPU   Q8200  @ 2.33GHz	2333.359	2048	True	True
9ff417eb5b97d9a0807a2573c17d095f	2013-04-18 14:06:10	45.6930107832	symm	gcc	-O2	None	1024	1024	Intel(R) Core(TM)2 Quad  CPU   Q8200  @ 2.33GHz	2333.359	2048	True	True
9ff417eb5b97d9a0807a2573c17d1463	2013-04-18 14:03:06	0.0146205902	symm	gcc	-O2	None	128	128	Intel(R) Core(TM)2 Quad  CPU   Q8200  @ 2.33GHz	2333.359	2048	True	True
9ff417eb5b97d9a0807a2573c17d18a7	2013-04-18 14:03:04	0.0002748728	symm	gcc	-O2	None	2	2	Intel(R) Core(TM)2 Quad  CPU   Q8200  @ 2.33GHz	2333.359	2048	True	True
9ff417eb5b97d9a0807a2573c17d1d7a	2013-04-18 14:03:02	4.3959797382	symm	gcc	-O2	None	512	512	Intel(R) Core(TM)2 Quad  CPU   Q8200  @ 2.33GHz	2333.359	2048	True	True
9ff417eb5b97d9a0807a2573c17d2451	2013-04-18 14:02:43	-0.0001097202	symm	gcc	-O2	None	32	32	Intel(R) Core(TM)2 Quad  CPU   Q8200  @ 2.33GHz	2333.359	2048	True	True
9ff417eb5b97d9a0807a2573c17d30a6	2013-04-18 14:02:41	0.0009883118	symm	gcc	-O2	None	64	64	Intel(R) Core(TM)2 Quad  CPU   Q8200  @ 2.33GHz	2333.359	2048	True	True
9ff417eb5b97d9a0807a2573c17d3e01	2013-04-18 14:02:34	376.660294604	symm	gcc	-O2	None	2048	2048	Intel(R) Core(TM)2 Quad  CPU   Q8200  @ 2.33GHz	2333.359	2048	True	True
9ff417eb5b97d9a0807a2573c17d48d6	2013-04-18 13:37:19	4.3686537862	symm	gcc	-O2	None	512	512	Intel(R) Core(TM)2 Quad  CPU   Q8200  @ 2.33GHz	2333.359	2048	True	True
9ff417eb5b97d9a0807a2573c17d550f	2013-04-18 13:36:55	-5.50746917725E-005	symm	gcc	-O2	None	16	16	Intel(R) Core(TM)2 Quad  CPU   Q8200  @ 2.33GHz	2333.359	2048	True	True
9ff417eb5b97d9a0807a2573c17d5e9c	2013-04-18 13:36:54	0.0016449928	symm	gcc	-O2	None	64	64	Intel(R) Core(TM)2 Quad  CPU   Q8200  @ 2.33GHz	2333.359	2048	True	True
9ff417eb5b97d9a0807a2573c17d6d3f	2013-04-18 13:36:52	0.0140671039	symm	gcc	-O2	None	128	128	Intel(R) Core(TM)2 Quad  CPU   Q8200  @ 2.33GHz	2333.359	2048	True	True
9ff417eb5b97d9a0807a2573c17d6e5d	2013-04-18 13:36:45	0.000351119	symm	gcc	-O2	None	16	16	Intel(R) Core(TM)2 Quad  CPU   Q8200  @ 2.33GHz	2333.359	2048	True	True
9ff417eb5b97d9a0807a2573c17d7a91	2013-04-18 13:36:43	0.1475441933	symm	gcc	-O2	None	256	256	Intel(R) Core(TM)2 Quad  CPU   Q8200  @ 2.33GHz	2333.359	2048	True	True
9ff417eb5b97d9a0807a2573c17d85ba	2013-04-18 13:36:36	-2.59256362915E-005	symm	gcc	-O2	None	8	8	Intel(R) Core(TM)2 Quad  CPU   Q8200  @ 2.33GHz	2333.359	2048	True	True
9ff417eb5b97d9a0807a2573c17d955c	2013-04-18 13:36:30	0.1533822155	symm	gcc	-O2	None	256	256	Intel(R) Core(TM)2 Quad  CPU   Q8200  @ 2.33GHz	2333.359	2048	True	True
9ff417eb5b97d9a0807a2573c17da331	2013-04-18 13:36:19	-0.0003456116	symm	gcc	-O2	None	4	4	Intel(R) Core(TM)2 Quad  CPU   Q8200  @ 2.33GHz	2333.359	2048	True	True
9ff417eb5b97d9a0807a2573c17dadaf	2013-04-18 13:36:17	0.0133817196	symm	gcc	-O2	None	128	128	Intel(R) Core(TM)2 Quad  CPU   Q8200  @ 2.33GHz	2333.359	2048	True	True
9ff417eb5b97d9a0807a2573c17db3fa	2013-04-18 13:36:15	0.0138859034	symm	gcc	-O2	None	128	128	Intel(R) Core(TM)2 Quad  CPU   Q8200  @ 2.33GHz	2333.359	2048	True	True
9ff417eb5b97d9a0807a2573c17dc069	2013-04-18 13:36:13	0.0005956888	symm	gcc	-O2	None	64	64	Intel(R) Core(TM)2 Quad  CPU   Q8200  @ 2.33GHz	2333.359	2048	True	True
9ff417eb5b97d9a0807a2573c17dca0b	2013-04-18 13:36:11	8.70943069458E-005	symm	gcc	-O2	None	4	4	Intel(R) Core(TM)2 Quad  CPU   Q8200  @ 2.33GHz	2333.359	2048	True	True
9ff417eb5b97d9a0807a2573c17dce82	2013-04-18 13:36:09	4.400683713	symm	gcc	-O2	None	512	512	Intel(R) Core(TM)2 Quad  CPU   Q8200  @ 2.33GHz	2333.359	2048	True	True
9ff417eb5b97d9a0807a2573c17dd891	2013-04-18 13:35:50	4.3627758741	symm	gcc	-O2	None	512	512	Intel(R) Core(TM)2 Quad  CPU   Q8200  @ 2.33GHz	2333.359	2048	True	True
9ff417eb5b97d9a0807a2573c17ddc52	2013-04-18 13:35:31	0.0005800962	symm	gcc	-O2	None	64	64	Intel(R) Core(TM)2 Quad  CPU   Q8200  @ 2.33GHz	2333.359	2048	True	True
9ff417eb5b97d9a0807a2573c17debec	2013-04-18 13:35:29	45.6287476778	symm	gcc	-O2	None	1024	1024	Intel(R) Core(TM)2 Quad  CPU   Q8200  @ 2.33GHz	2333.359	2048	True	True
9ff417eb5b97d9a0807a2573c17df614	2013-04-18 13:32:25	0.0009424281	symm	gcc	-O2	None	64	64	Intel(R) Core(TM)2 Quad  CPU   Q8200  @ 2.33GHz	2333.359	2048	True	True
9ff417eb5b97d9a0807a2573c17df7e8	2013-04-18 13:32:18	0.0004236913	symm	gcc	-O2	None	4	4	Intel(R) Core(TM)2 Quad  CPU   Q8200  @ 2.33GHz	2333.359	2048	True	True
9ff417eb5b97d9a0807a2573c17dfdfa	2013-04-18 13:32:12	-4.47487831116E-005	symm	gcc	-O2	None	16	16	Intel(R) Core(TM)2 Quad  CPU   Q8200  @ 2.33GHz	2333.359	2048	True	True
9ff417eb5b97d9a0807a2573c17e00c4	2013-04-18 13:32:05	0.0005173922	symm	gcc	-O2	None	32	32	Intel(R) Core(TM)2 Quad  CPU   Q8200  @ 2.33GHz	2333.359	2048	True	True
9ff417eb5b97d9a0807a2573c17e07c3	2013-04-18 13:32:03	0.1472524881	symm	gcc	-O2	None	256	256	Intel(R) Core(TM)2 Quad  CPU   Q8200  @ 2.33GHz	2333.359	2048	True	True
9ff417eb5b97d9a0807a2573c17e07e4	2013-04-18 13:31:57	0.0004100084	symm	gcc	-O2	None	2	2	Intel(R) Core(TM)2 Quad  CPU   Q8200  @ 2.33GHz	2333.359	2048	True	True
9ff417eb5b97d9a0807a2573c17e106e	2013-04-18 13:31:55	379.178276491	symm	gcc	-O2	None	2048	2048	Intel(R) Core(TM)2 Quad  CPU   Q8200  @ 2.33GHz	2333.359	2048	True	True
9ff417eb5b97d9a0807a2573c17e11cc	2013-04-18 13:06:35	0.0138591051	symm	gcc	-O2	None	128	128	Intel(R) Core(TM)2 Quad  CPU   Q8200  @ 2.33GHz	2333.359	2048	True	True
9ff417eb5b97d9a0807a2573c17e1f1f	2013-04-18 13:06:32	0.0001421213	symm	gcc	-O2	None	16	16	Intel(R) Core(TM)2 Quad  CPU   Q8200  @ 2.33GHz	2333.359	2048	True	True
9ff417eb5b97d9a0807a2573c17e2012	2013-04-18 13:06:30	378.96940608	symm	gcc	-O2	None	2048	2048	Intel(R) Core(TM)2 Quad  CPU   Q8200  @ 2.33GHz	2333.359	2048	True	True
9ff417eb5b97d9a0807a2573c17e2f18	2013-04-18 12:41:11	0.0002388	symm	gcc	-O2	None	32	32	Intel(R) Core(TM)2 Quad  CPU   Q8200  @ 2.33GHz	2333.359	2048	True	True
9ff417eb5b97d9a0807a2573c17e3462	2013-04-18 12:41:08	45.5992803574	symm	gcc	-O2	None	1024	1024	Intel(R) Core(TM)2 Quad  CPU   Q8200  @ 2.33GHz	2333.359	2048	True	True
9ff417eb5b97d9a0807a2573c17e3b6b	2013-04-18 12:38:04	0.1457290888	symm	gcc	-O2	None	256	256	Intel(R) Core(TM)2 Quad  CPU   Q8200  @ 2.33GHz	2333.359	2048	True	True
9ff417eb5b97d9a0807a2573c17e4253	2013-04-18 12:37:58	0.0004887915	symm	gcc	-O2	None	16	16	Intel(R) Core(TM)2 Quad  CPU   Q8200  @ 2.33GHz	2333.359	2048	True	True
9ff417eb5b97d9a0807a2573c17e4386	2013-04-18 12:37:52	0.0142414808	symm	gcc	-O2	None	128	128	Intel(R) Core(TM)2 Quad  CPU   Q8200  @ 2.33GHz	2333.359	2048	True	True
9ff417eb5b97d9a0807a2573c17e52e9	2013-04-18 12:37:50	0.000066328	symm	gcc	-O2	None	8	8	Intel(R) Core(TM)2 Quad  CPU   Q8200  @ 2.33GHz	2333.359	2048	True	True
9ff417eb5b97d9a0807a2573c17e6128	2013-04-18 12:37:48	-2.19106674194E-005	symm	gcc	-O2	None	4	4	Intel(R) Core(TM)2 Quad  CPU   Q8200  @ 2.33GHz	2333.359	2048	True	True
9ff417eb5b97d9a0807a2573c17e66e2	2013-04-18 12:37:46	45.3487860203	symm	gcc	-O2	None	1024	1024	Intel(R) Core(TM)2 Quad  CPU   Q8200  @ 2.33GHz	2333.359	2048	True	True
9ff417eb5b97d9a0807a2573c17e7483	2013-04-18 12:34:42	377.484427524	symm	gcc	-O2	None	2048	2048	Intel(R) Core(TM)2 Quad  CPU   Q8200  @ 2.33GHz	2333.359	2048	True	True
9ff417eb5b97d9a0807a2573c17e76ca	2013-04-18 12:09:26	4.3532381773	symm	gcc	-O2	None	512	512	Intel(R) Core(TM)2 Quad  CPU   Q8200  @ 2.33GHz	2333.359	2048	True	True
9ff417eb5b97d9a0807a2573c17e83d7	2013-04-18 12:09:07	2.62975692749E-005	symm	gcc	-O2	None	2	2	Intel(R) Core(TM)2 Quad  CPU   Q8200  @ 2.33GHz	2333.359	2048	True	True
9ff417eb5b97d9a0807a2573c17e9012	2013-04-18 12:09:05	0.00055511	symm	gcc	-O2	None	16	16	Intel(R) Core(TM)2 Quad  CPU   Q8200  @ 2.33GHz	2333.359	2048	True	True
9ff417eb5b97d9a0807a2573c17e9feb	2013-04-18 12:09:03	4.3681366921	symm	gcc	-O2	None	512	512	Intel(R) Core(TM)2 Quad  CPU   Q8200  @ 2.33GHz	2333.359	2048	True	True
9ff417eb5b97d9a0807a2573c17ea54e	2013-04-18 12:08:44	0.0009768963	symm	gcc	-O2	None	64	64	Intel(R) Core(TM)2 Quad  CPU   Q8200  @ 2.33GHz	2333.359	2048	True	True
9ff417eb5b97d9a0807a2573c17ea9b7	2013-04-18 12:08:43	0.0004192114	symm	gcc	-O2	None	32	32	Intel(R) Core(TM)2 Quad  CPU   Q8200  @ 2.33GHz	2333.359	2048	True	True
9ff417eb5b97d9a0807a2573c17eb1aa	2013-04-18 12:08:41	0.0001413107	symm	gcc	-O2	None	2	2	Intel(R) Core(TM)2 Quad  CPU   Q8200  @ 2.33GHz	2333.359	2048	True	True
9ff417eb5b97d9a0807a2573c17ec0ab	2013-04-18 12:08:39	0.0138547897	symm	gcc	-O2	None	128	128	Intel(R) Core(TM)2 Quad  CPU   Q8200  @ 2.33GHz	2333.359	2048	True	True
9ff417eb5b97d9a0807a2573c17ec903	2013-04-18 12:08:37	0.001073575	symm	gcc	-O2	None	64	64	Intel(R) Core(TM)2 Quad  CPU   Q8200  @ 2.33GHz	2333.359	2048	True	True
9ff417eb5b97d9a0807a2573c17ec91c	2013-04-18 12:08:35	376.961683226	symm	gcc	-O2	None	2048	2048	Intel(R) Core(TM)2 Quad  CPU   Q8200  @ 2.33GHz	2333.359	2048	True	True
9ff417eb5b97d9a0807a2573c17ed15f	2013-04-18 11:43:21	0.1476164818	symm	gcc	-O2	None	256	256	Intel(R) Core(TM)2 Quad  CPU   Q8200  @ 2.33GHz	2333.359	2048	True	True
9ff417eb5b97d9a0807a2573c17ed6c6	2013-04-18 11:43:14	376.81734724	symm	gcc	-O2	None	2048	2048	Intel(R) Core(TM)2 Quad  CPU   Q8200  @ 2.33GHz	2333.359	2048	True	True
9ff417eb5b97d9a0807a2573c17ee19d	2013-04-18 11:17:57	378.544643474	symm	gcc	-O2	None	2048	2048	Intel(R) Core(TM)2 Quad  CPU   Q8200  @ 2.33GHz	2333.359	2048	True	True
9ff417eb5b97d9a0807a2573c17ef0fb	2013-04-18 10:52:30	0.1469990015	symm	gcc	-O2	None	256	256	Intel(R) Core(TM)2 Quad  CPU   Q8200  @ 2.33GHz	2333.359	2048	True	True
9ff417eb5b97d9a0807a2573c17ef6f6	2013-04-18 10:52:24	0.0135288	symm	gcc	-O2	None	128	128	Intel(R) Core(TM)2 Quad  CPU   Q8200  @ 2.33GHz	2333.359	2048	True	True
9ff417eb5b97d9a0807a2573c17efb57	2013-04-18 10:52:21	45.3849346638	symm	gcc	-O2	None	1024	1024	Intel(R) Core(TM)2 Quad  CPU   Q8200  @ 2.33GHz	2333.359	2048	True	True
9ff417eb5b97d9a0807a2573c17f007f	2013-04-18 10:49:18	0.0004135299	symm	gcc	-O2	None	32	32	Intel(R) Core(TM)2 Quad  CPU   Q8200  @ 2.33GHz	2333.359	2048	True	True
9ff417eb5b97d9a0807a2573c17f043b	2013-04-18 10:49:11	4.3413429737	symm	gcc	-O2	None	512	512	Intel(R) Core(TM)2 Quad  CPU   Q8200  @ 2.33GHz	2333.359	2048	True	True
9ff417eb5b97d9a0807a2573c17f13c6	2013-04-18 10:48:52	0.0007782364	symm	gcc	-O2	None	64	64	Intel(R) Core(TM)2 Quad  CPU   Q8200  @ 2.33GHz	2333.359	2048	True	True
9ff417eb5b97d9a0807a2573c17f13ea	2013-04-18 10:48:45	378.676840806	symm	gcc	-O2	None	2048	2048	Intel(R) Core(TM)2 Quad  CPU   Q8200  @ 2.33GHz	2333.359	2048	True	True
9ff417eb5b97d9a0807a2573c17f14a1	2013-04-18 10:23:24	0.0001474142	symm	gcc	-O2	None	16	16	Intel(R) Core(TM)2 Quad  CPU   Q8200  @ 2.33GHz	2333.359	2048	True	True
9ff417eb5b97d9a0807a2573c17f1e55	2013-04-18 10:23:22	0.0001266003	symm	gcc	-O2	None	4	4	Intel(R) Core(TM)2 Quad  CPU   Q8200  @ 2.33GHz	2333.359	2048	True	True
9ff417eb5b97d9a0807a2573c17f2824	2013-04-18 10:23:20	0.0008548021	symm	gcc	-O2	None	2	2	Intel(R) Core(TM)2 Quad  CPU   Q8200  @ 2.33GHz	2333.359	2048	True	True
9ff417eb5b97d9a0807a2573c17f319b	2013-04-18 10:23:19	0.000185585	symm	gcc	-O2	None	32	32	Intel(R) Core(TM)2 Quad  CPU   Q8200  @ 2.33GHz	2333.359	2048	True	True
9ff417eb5b97d9a0807a2573c17f409b	2013-04-18 10:23:17	0.1582752228	symm	gcc	-O2	None	256	256	Intel(R) Core(TM)2 Quad  CPU   Q8200  @ 2.33GHz	2333.359	2048	True	True
9ff417eb5b97d9a0807a2573c17f4479	2013-04-18 10:23:10	4.3653836012	symm	gcc	-O2	None	512	512	Intel(R) Core(TM)2 Quad  CPU   Q8200  @ 2.33GHz	2333.359	2048	True	True
9ff417eb5b97d9a0807a2573c17f4ce4	2013-04-18 10:22:51	0.0003851199	symm	gcc	-O2	None	4	4	Intel(R) Core(TM)2 Quad  CPU   Q8200  @ 2.33GHz	2333.359	2048	True	True
9ff417eb5b97d9a0807a2573c17f572d	2013-04-18 10:22:44	0.000280118	symm	gcc	-O2	None	2	2	Intel(R) Core(TM)2 Quad  CPU   Q8200  @ 2.33GHz	2333.359	2048	True	True
9ff417eb5b97d9a0807a2573c17f669e	2013-04-18 10:22:42	0.015966773	symm	gcc	-O2	None	128	128	Intel(R) Core(TM)2 Quad  CPU   Q8200  @ 2.33GHz	2333.359	2048	True	True
9ff417eb5b97d9a0807a2573c17f7084	2013-04-18 10:22:40	0.0003139973	symm	gcc	-O2	None	2	2	Intel(R) Core(TM)2 Quad  CPU   Q8200  @ 2.33GHz	2333.359	2048	True	True
9ff417eb5b97d9a0807a2573c17f7c43	2013-04-18 10:22:39	0.1503834009	symm	gcc	-O2	None	256	256	Intel(R) Core(TM)2 Quad  CPU   Q8200  @ 2.33GHz	2333.359	2048	True	True
9ff417eb5b97d9a0807a2573c17f8a7e	2013-04-18 10:22:32	379.432463729	symm	gcc	-O2	None	2048	2048	Intel(R) Core(TM)2 Quad  CPU   Q8200  @ 2.33GHz	2333.359	2048	True	True
9ff417eb5b97d9a0807a2573c17f97b4	2013-04-18 09:57:07	0.0136881828	symm	gcc	-O2	None	128	128	Intel(R) Core(TM)2 Quad  CPU   Q8200  @ 2.33GHz	2333.359	2048	True	True
9ff417eb5b97d9a0807a2573c17f9831	2013-04-18 09:57:05	45.5476953268	symm	gcc	-O2	None	1024	1024	Intel(R) Core(TM)2 Quad  CPU   Q8200  @ 2.33GHz	2333.359	2048	True	True
9ff417eb5b97d9a0807a2573c17f9d66	2013-04-18 09:54:01	0.0004359245	symm	gcc	-O2	None	32	32	Intel(R) Core(TM)2 Quad  CPU   Q8200  @ 2.33GHz	2333.359	2048	True	True
9ff417eb5b97d9a0807a2573c17fa83f	2013-04-18 09:53:59	0.0019927025	symm	gcc	-O2	None	64	64	Intel(R) Core(TM)2 Quad  CPU   Q8200  @ 2.33GHz	2333.359	2048	True	True
9ff417eb5b97d9a0807a2573c17fb59e	2013-04-18 09:53:57	0.0001201391	symm	gcc	-O2	None	2	2	Intel(R) Core(TM)2 Quad  CPU   Q8200  @ 2.33GHz	2333.359	2048	True	True
9ff417eb5b97d9a0807a2573c17fb9a6	2013-04-18 09:53:55	378.020863914	symm	gcc	-O2	None	2048	2048	Intel(R) Core(TM)2 Quad  CPU   Q8200  @ 2.33GHz	2333.359	2048	True	True
9ff417eb5b97d9a0807a2573c17fc4b3	2013-04-18 09:28:40	-8.0394744873E-005	symm	gcc	-O2	None	2	2	Intel(R) Core(TM)2 Quad  CPU   Q8200  @ 2.33GHz	2333.359	2048	True	True
9ff417eb5b97d9a0807a2573c17fc882	2013-04-18 09:28:39	0.0141815186	symm	gcc	-O2	None	128	128	Intel(R) Core(TM)2 Quad  CPU   Q8200  @ 2.33GHz	2333.359	2048	True	True
9ff417eb5b97d9a0807a2573c17fd174	2013-04-18 09:28:37	0.0014615059	symm	gcc	-O2	None	64	64	Intel(R) Core(TM)2 Quad  CPU   Q8200  @ 2.33GHz	2333.359	2048	True	True
9ff417eb5b97d9a0807a2573c17fd4ec	2013-04-18 09:28:35	0.0141150236	symm	gcc	-O2	None	128	128	Intel(R) Core(TM)2 Quad  CPU   Q8200  @ 2.33GHz	2333.359	2048	True	True
9ff417eb5b97d9a0807a2573c17fe0b4	2013-04-18 09:28:33	0.0005322933	symm	gcc	-O2	None	2	2	Intel(R) Core(TM)2 Quad  CPU   Q8200  @ 2.33GHz	2333.359	2048	True	True
9ff417eb5b97d9a0807a2573c17fed09	2013-04-18 09:28:31	0.0136291027	symm	gcc	-O2	None	128	128	Intel(R) Core(TM)2 Quad  CPU   Q8200  @ 2.33GHz	2333.359	2048	True	True
9ff417eb5b97d9a0807a2573c17ff119	2013-04-18 09:28:29	0.1472461939	symm	gcc	-O2	None	256	256	Intel(R) Core(TM)2 Quad  CPU   Q8200  @ 2.33GHz	2333.359	2048	True	True
9ff417eb5b97d9a0807a2573c17ff1ad	2013-04-18 09:28:22	378.68659234	symm	gcc	-O2	None	2048	2048	Intel(R) Core(TM)2 Quad  CPU   Q8200  @ 2.33GHz	2333.359	2048	True	True
9ff417eb5b97d9a0807a2573c17fff83	2013-04-18 09:03:05	-0.0002338648	symm	gcc	-O2	None	8	8	Intel(R) Core(TM)2 Quad  CPU   Q8200  @ 2.33GHz	2333.359	2048	True	True
9ff417eb5b97d9a0807a2573c1800aa0	2013-04-18 09:03:02	376.813040447	symm	gcc	-O2	None	2048	2048	Intel(R) Core(TM)2 Quad  CPU   Q8200  @ 2.33GHz	2333.359	2048	True	True
9ff417eb5b97d9a0807a2573c180115c	2013-04-18 08:37:49	0.0004662037	symm	gcc	-O2	None	4	4	Intel(R) Core(TM)2 Quad  CPU   Q8200  @ 2.33GHz	2333.359	2048	True	True
9ff417eb5b97d9a0807a2573c1801782	2013-04-18 08:37:48	0.0140630555	symm	gcc	-O2	None	128	128	Intel(R) Core(TM)2 Quad  CPU   Q8200  @ 2.33GHz	2333.359	2048	True	True
9ff417eb5b97d9a0807a2573c1801c41	2013-04-18 08:37:41	0.0002840996	symm	gcc	-O2	None	2	2	Intel(R) Core(TM)2 Quad  CPU   Q8200  @ 2.33GHz	2333.359	2048	True	True
9ff417eb5b97d9a0807a2573c1801eb6	2013-04-18 08:37:39	4.3701962948	symm	gcc	-O2	None	512	512	Intel(R) Core(TM)2 Quad  CPU   Q8200  @ 2.33GHz	2333.359	2048	True	True
9ff417eb5b97d9a0807a2573c18020fc	2013-04-18 08:37:20	-0.0002074718	symm	gcc	-O2	None	2	2	Intel(R) Core(TM)2 Quad  CPU   Q8200  @ 2.33GHz	2333.359	2048	True	True
9ff417eb5b97d9a0807a2573c1802ba3	2013-04-18 08:37:19	0.0002164602	symm	gcc	-O2	None	16	16	Intel(R) Core(TM)2 Quad  CPU   Q8200  @ 2.33GHz	2333.359	2048	True	True
9ff417eb5b97d9a0807a2573c1803939	2013-04-18 08:37:16	45.6624034166	symm	gcc	-O2	None	1024	1024	Intel(R) Core(TM)2 Quad  CPU   Q8200  @ 2.33GHz	2333.359	2048	True	True
9ff417eb5b97d9a0807a2573c1804054	2013-04-18 08:34:12	-0.0001180172	symm	gcc	-O2	None	8	8	Intel(R) Core(TM)2 Quad  CPU   Q8200  @ 2.33GHz	2333.359	2048	True	True
9ff417eb5b97d9a0807a2573c180473e	2013-04-18 08:34:10	4.4311368227	symm	gcc	-O2	None	512	512	Intel(R) Core(TM)2 Quad  CPU   Q8200  @ 2.33GHz	2333.359	2048	True	True
9ff417eb5b97d9a0807a2573c180571f	2013-04-18 08:33:51	-0.00035882	symm	gcc	-O2	None	8	8	Intel(R) Core(TM)2 Quad  CPU   Q8200  @ 2.33GHz	2333.359	2048	True	True
9ff417eb5b97d9a0807a2573c180577b	2013-04-18 08:33:50	0.0003911972	symm	gcc	-O2	None	2	2	Intel(R) Core(TM)2 Quad  CPU   Q8200  @ 2.33GHz	2333.359	2048	True	True
9ff417eb5b97d9a0807a2573c1805930	2013-04-18 08:33:48	5.52177429199E-005	symm	gcc	-O2	None	16	16	Intel(R) Core(TM)2 Quad  CPU   Q8200  @ 2.33GHz	2333.359	2048	True	True
9ff417eb5b97d9a0807a2573c1806130	2013-04-18 08:33:46	0.014094615	symm	gcc	-O2	None	128	128	Intel(R) Core(TM)2 Quad  CPU   Q8200  @ 2.33GHz	2333.359	2048	True	True
9ff417eb5b97d9a0807a2573c1806fbe	2013-04-18 08:33:44	0.0001704931	symm	gcc	-O2	None	4	4	Intel(R) Core(TM)2 Quad  CPU   Q8200  @ 2.33GHz	2333.359	2048	True	True
9ff417eb5b97d9a0807a2573c18075fe	2013-04-18 08:33:43	0.0009932041	symm	gcc	-O2	None	64	64	Intel(R) Core(TM)2 Quad  CPU   Q8200  @ 2.33GHz	2333.359	2048	True	True
9ff417eb5b97d9a0807a2573c1807bb9	2013-04-18 08:33:41	0.0003571749	symm	gcc	-O2	None	32	32	Intel(R) Core(TM)2 Quad  CPU   Q8200  @ 2.33GHz	2333.359	2048	True	True
9ff417eb5b97d9a0807a2573c180834e	2013-04-18 08:33:34	0.0009027004	symm	gcc	-O2	None	64	64	Intel(R) Core(TM)2 Quad  CPU   Q8200  @ 2.33GHz	2333.359	2048	True	True
9ff417eb5b97d9a0807a2573c1808855	2013-04-18 08:33:32	45.3994159222	symm	gcc	-O2	None	1024	1024	Intel(R) Core(TM)2 Quad  CPU   Q8200  @ 2.33GHz	2333.359	2048	True	True
9ff417eb5b97d9a0807a2573c1808d1f	2013-04-18 08:30:28	4.4317495823	symm	gcc	-O2	None	512	512	Intel(R) Core(TM)2 Quad  CPU   Q8200  @ 2.33GHz	2333.359	2048	True	True
9ff417eb5b97d9a0807a2573c1808da4	2013-04-18 08:30:09	0.0010962629	symm	gcc	-O2	None	64	64	Intel(R) Core(TM)2 Quad  CPU   Q8200  @ 2.33GHz	2333.359	2048	True	True
9ff417eb5b97d9a0807a2573c1809c3b	2013-04-18 08:30:02	4.3483347893	symm	gcc	-O2	None	512	512	Intel(R) Core(TM)2 Quad  CPU   Q8200  @ 2.33GHz	2333.359	2048	True	True
9ff417eb5b97d9a0807a2573c180a0f7	2013-04-18 08:29:43	-8.74280929565E-005	symm	gcc	-O2	None	4	4	Intel(R) Core(TM)2 Quad  CPU   Q8200  @ 2.33GHz	2333.359	2048	True	True
9ff417eb5b97d9a0807a2573c180b01b	2013-04-18 08:29:37	0.0010809898	symm	gcc	-O2	None	64	64	Intel(R) Core(TM)2 Quad  CPU   Q8200  @ 2.33GHz	2333.359	2048	True	True
9ff417eb5b97d9a0807a2573c180b2b9	2013-04-18 08:29:35	0.0014406919	symm	gcc	-O2	None	64	64	Intel(R) Core(TM)2 Quad  CPU   Q8200  @ 2.33GHz	2333.359	2048	True	True
9ff417eb5b97d9a0807a2573c180b771	2013-04-18 08:29:34	0.0003867865	symm	gcc	-O2	None	32	32	Intel(R) Core(TM)2 Quad  CPU   Q8200  @ 2.33GHz	2333.359	2048	True	True
9ff417eb5b97d9a0807a2573c180bb70	2013-04-18 08:29:32	4.4251725674	symm	gcc	-O2	None	512	512	Intel(R) Core(TM)2 Quad  CPU   Q8200  @ 2.33GHz	2333.359	2048	True	True
9ff417eb5b97d9a0807a2573c180c968	2013-04-18 08:29:13	-0.0003025055	symm	gcc	-O2	None	2	2	Intel(R) Core(TM)2 Quad  CPU   Q8200  @ 2.33GHz	2333.359	2048	True	True
9ff417eb5b97d9a0807a2573c180d8fd	2013-04-18 08:29:11	4.4002609253	symm	gcc	-O2	None	512	512	Intel(R) Core(TM)2 Quad  CPU   Q8200  @ 2.33GHz	2333.359	2048	True	True
9ff417eb5b97d9a0807a2573c180e83d	2013-04-18 08:28:52	0.0145615101	symm	gcc	-O2	None	128	128	Intel(R) Core(TM)2 Quad  CPU   Q8200  @ 2.33GHz	2333.359	2048	True	True
9ff417eb5b97d9a0807a2573c180f116	2013-04-18 08:28:50	0.0014555931	symm	gcc	-O2	None	64	64	Intel(R) Core(TM)2 Quad  CPU   Q8200  @ 2.33GHz	2333.359	2048	True	True
9ff417eb5b97d9a0807a2573c180f496	2013-04-18 08:28:48	0.0003708816	symm	gcc	-O2	None	4	4	Intel(R) Core(TM)2 Quad  CPU   Q8200  @ 2.33GHz	2333.359	2048	True	True
9ff417eb5b97d9a0807a2573c1810414	2013-04-18 08:28:41	4.3641189575	symm	gcc	-O2	None	512	512	Intel(R) Core(TM)2 Quad  CPU   Q8200  @ 2.33GHz	2333.359	2048	True	True
9ff417eb5b97d9a0807a2573c1810a89	2013-04-18 08:28:22	0.0003708124	symm	gcc	-O2	None	2	2	Intel(R) Core(TM)2 Quad  CPU   Q8200  @ 2.33GHz	2333.359	2048	True	True
9ff417eb5b97d9a0807a2573c1810dfd	2013-04-18 08:28:20	377.120133448	symm	gcc	-O2	None	2048	2048	Intel(R) Core(TM)2 Quad  CPU   Q8200  @ 2.33GHz	2333.359	2048	True	True
9ff417eb5b97d9a0807a2573c1811296	2013-04-18 08:03:04	0.0007389069	symm	gcc	-O2	None	64	64	Intel(R) Core(TM)2 Quad  CPU   Q8200  @ 2.33GHz	2333.359	2048	True	True
9ff417eb5b97d9a0807a2573c181170c	2013-04-18 08:03:02	45.4982834578	symm	gcc	-O2	None	1024	1024	Intel(R) Core(TM)2 Quad  CPU   Q8200  @ 2.33GHz	2333.359	2048	True	True
9ff417eb5b97d9a0807a2573c1812677	2013-04-18 07:59:58	45.6460211515	symm	gcc	-O2	None	1024	1024	Intel(R) Core(TM)2 Quad  CPU   Q8200  @ 2.33GHz	2333.359	2048	True	True
9ff417eb5b97d9a0807a2573c1812fba	2013-04-18 07:56:53	0.1472492218	symm	gcc	-O2	None	256	256	Intel(R) Core(TM)2 Quad  CPU   Q8200  @ 2.33GHz	2333.359	2048	True	True
9ff417eb5b97d9a0807a2573c1813bd7	2013-04-18 07:56:47	0.1456219673	symm	gcc	-O2	None	256	256	Intel(R) Core(TM)2 Quad  CPU   Q8200  @ 2.33GHz	2333.359	2048	True	True
9ff417eb5b97d9a0807a2573c1814a93	2013-04-18 07:56:40	45.492983644	symm	gcc	-O2	None	1024	1024	Intel(R) Core(TM)2 Quad  CPU   Q8200  @ 2.33GHz	2333.359	2048	True	True
9ff417eb5b97d9a0807a2573c18152ad	2013-04-18 07:53:32	-1.59025192261E-005	symm	gcc	-O2	None	4	4	Intel(R) Core(TM)2 Quad  CPU   Q8200  @ 2.33GHz	2333.359	2048	True	True
9ff417eb5b97d9a0807a2573c181613f	2013-04-18 07:53:30	4.3333836556	symm	gcc	-O2	None	512	512	Intel(R) Core(TM)2 Quad  CPU   Q8200  @ 2.33GHz	2333.359	2048	True	True
9ff417eb5b97d9a0807a2573c1816c33	2013-04-18 07:53:11	0.0140837193	symm	gcc	-O2	None	128	128	Intel(R) Core(TM)2 Quad  CPU   Q8200  @ 2.33GHz	2333.359	2048	True	True
9ff417eb5b97d9a0807a2573c1816f0a	2013-04-18 07:53:09	0.0133154869	symm	gcc	-O2	None	128	128	Intel(R) Core(TM)2 Quad  CPU   Q8200  @ 2.33GHz	2333.359	2048	True	True
9ff417eb5b97d9a0807a2573c1817775	2013-04-18 07:53:07	4.58955764771E-005	symm	gcc	-O2	None	4	4	Intel(R) Core(TM)2 Quad  CPU   Q8200  @ 2.33GHz	2333.359	2048	True	True
9ff417eb5b97d9a0807a2573c18177c2	2013-04-18 07:53:05	0.0003874063	symm	gcc	-O2	None	16	16	Intel(R) Core(TM)2 Quad  CPU   Q8200  @ 2.33GHz	2333.359	2048	True	True
9ff417eb5b97d9a0807a2573c1818184	2013-04-18 07:53:03	376.016946983	symm	gcc	-O2	None	2048	2048	Intel(R) Core(TM)2 Quad  CPU   Q8200  @ 2.33GHz	2333.359	2048	True	True
9ff417eb5b97d9a0807a2573c18182ff	2013-04-18 07:27:53	-0.0005174875	symm	gcc	-O2	None	8	8	Intel(R) Core(TM)2 Quad  CPU   Q8200  @ 2.33GHz	2333.359	2048	True	True
9ff417eb5b97d9a0807a2573c18189a3	2013-04-18 07:27:51	0.0001597166	symm	gcc	-O2	None	4	4	Intel(R) Core(TM)2 Quad  CPU   Q8200  @ 2.33GHz	2333.359	2048	True	True
9ff417eb5b97d9a0807a2573c18193a4	2013-04-18 07:27:49	0.0003808904	symm	gcc	-O2	None	16	16	Intel(R) Core(TM)2 Quad  CPU   Q8200  @ 2.33GHz	2333.359	2048	True	True
9ff417eb5b97d9a0807a2573c1819cfd	2013-04-18 07:27:43	4.4339873791	symm	gcc	-O2	None	512	512	Intel(R) Core(TM)2 Quad  CPU   Q8200  @ 2.33GHz	2333.359	2048	True	True
9ff417eb5b97d9a0807a2573c181a70a	2013-04-18 07:27:24	0.1535068035	symm	gcc	-O2	None	256	256	Intel(R) Core(TM)2 Quad  CPU   Q8200  @ 2.33GHz	2333.359	2048	True	True
9ff417eb5b97d9a0807a2573c181a9b3	2013-04-18 07:27:17	377.178148055	symm	gcc	-O2	None	2048	2048	Intel(R) Core(TM)2 Quad  CPU   Q8200  @ 2.33GHz	2333.359	2048	True	True
9ff417eb5b97d9a0807a2573c181ac75	2013-04-18 07:02:00	-6.97135925293E-005	symm	gcc	-O2	None	8	8	Intel(R) Core(TM)2 Quad  CPU   Q8200  @ 2.33GHz	2333.359	2048	True	True
9ff417eb5b97d9a0807a2573c181b2f4	2013-04-18 07:01:59	0.0013926029	symm	gcc	-O2	None	64	64	Intel(R) Core(TM)2 Quad  CPU   Q8200  @ 2.33GHz	2333.359	2048	True	True
9ff417eb5b97d9a0807a2573c181bf33	2013-04-18 07:01:57	0.1471740961	symm	gcc	-O2	None	256	256	Intel(R) Core(TM)2 Quad  CPU   Q8200  @ 2.33GHz	2333.359	2048	True	True
9ff417eb5b97d9a0807a2573c181ce5c	2013-04-18 07:01:51	0.0004682779	symm	gcc	-O2	None	2	2	Intel(R) Core(TM)2 Quad  CPU   Q8200  @ 2.33GHz	2333.359	2048	True	True
9ff417eb5b97d9a0807a2573c181dc40	2013-04-18 07:01:49	6.29997253418E-005	symm	gcc	-O2	None	8	8	Intel(R) Core(TM)2 Quad  CPU   Q8200  @ 2.33GHz	2333.359	2048	True	True
9ff417eb5b97d9a0807a2573c181e0b0	2013-04-18 07:01:42	4.4145615101	symm	gcc	-O2	None	512	512	Intel(R) Core(TM)2 Quad  CPU   Q8200  @ 2.33GHz	2333.359	2048	True	True
9ff417eb5b97d9a0807a2573c181eb5e	2013-04-18 07:01:23	4.3430924654	symm	gcc	-O2	None	512	512	Intel(R) Core(TM)2 Quad  CPU   Q8200  @ 2.33GHz	2333.359	2048	True	True
9ff417eb5b97d9a0807a2573c181eeb2	2013-04-18 07:01:05	7.31945037842E-005	symm	gcc	-O2	None	8	8	Intel(R) Core(TM)2 Quad  CPU   Q8200  @ 2.33GHz	2333.359	2048	True	True
9ff417eb5b97d9a0807a2573c181f261	2013-04-18 07:01:03	4.3322911978	symm	gcc	-O2	None	512	512	Intel(R) Core(TM)2 Quad  CPU   Q8200  @ 2.33GHz	2333.359	2048	True	True
9ff417eb5b97d9a0807a2573c181fcb8	2013-04-18 07:00:44	-0.0003354073	symm	gcc	-O2	None	4	4	Intel(R) Core(TM)2 Quad  CPU   Q8200  @ 2.33GHz	2333.359	2048	True	True
9ff417eb5b97d9a0807a2573c181ffa0	2013-04-18 07:00:42	0.0004589796	symm	gcc	-O2	None	4	4	Intel(R) Core(TM)2 Quad  CPU   Q8200  @ 2.33GHz	2333.359	2048	True	True
9ff417eb5b97d9a0807a2573c1820086	2013-04-18 07:00:41	0.0003508091	symm	gcc	-O2	None	4	4	Intel(R) Core(TM)2 Quad  CPU   Q8200  @ 2.33GHz	2333.359	2048	True	True
9ff417eb5b97d9a0807a2573c1820ccb	2013-04-18 07:00:39	-0.0003667116	symm	gcc	-O2	None	8	8	Intel(R) Core(TM)2 Quad  CPU   Q8200  @ 2.33GHz	2333.359	2048	True	True
9ff417eb5b97d9a0807a2573c1821a47	2013-04-18 07:00:37	45.6129952669	symm	gcc	-O2	None	1024	1024	Intel(R) Core(TM)2 Quad  CPU   Q8200  @ 2.33GHz	2333.359	2048	True	True
9ff417eb5b97d9a0807a2573c1821b17	2013-04-18 06:57:33	0.0004212141	symm	gcc	-O2	None	8	8	Intel(R) Core(TM)2 Quad  CPU   Q8200  @ 2.33GHz	2333.359	2048	True	True
9ff417eb5b97d9a0807a2573c182296a	2013-04-18 06:57:31	0.0139121771	symm	gcc	-O2	None	128	128	Intel(R) Core(TM)2 Quad  CPU   Q8200  @ 2.33GHz	2333.359	2048	True	True
9ff417eb5b97d9a0807a2573c1823461	2013-04-18 06:57:29	0.0005407095	symm	gcc	-O2	None	16	16	Intel(R) Core(TM)2 Quad  CPU   Q8200  @ 2.33GHz	2333.359	2048	True	True
9ff417eb5b97d9a0807a2573c1824021	2013-04-18 06:57:27	45.465162015	symm	gcc	-O2	None	1024	1024	Intel(R) Core(TM)2 Quad  CPU   Q8200  @ 2.33GHz	2333.359	2048	True	True
9ff417eb5b97d9a0807a2573c18241e0	2013-04-18 06:54:23	-0.0001007795	symm	gcc	-O2	None	32	32	Intel(R) Core(TM)2 Quad  CPU   Q8200  @ 2.33GHz	2333.359	2048	True	True
9ff417eb5b97d9a0807a2573c18244b8	2013-04-18 06:54:21	-0.0006989002	symm	gcc	-O2	None	2	2	Intel(R) Core(TM)2 Quad  CPU   Q8200  @ 2.33GHz	2333.359	2048	True	True
9ff417eb5b97d9a0807a2573c1824af4	2013-04-18 06:54:19	0.013593173	symm	gcc	-O2	None	128	128	Intel(R) Core(TM)2 Quad  CPU   Q8200  @ 2.33GHz	2333.359	2048	True	True
9ff417eb5b97d9a0807a2573c1824b0f	2013-04-18 06:54:17	378.833763838	symm	gcc	-O2	None	2048	2048	Intel(R) Core(TM)2 Quad  CPU   Q8200  @ 2.33GHz	2333.359	2048	True	True
9ff417eb5b97d9a0807a2573c1824d25	2013-04-18 06:29:00	0.0009175563	symm	gcc	-O2	None	64	64	Intel(R) Core(TM)2 Quad  CPU   Q8200  @ 2.33GHz	2333.359	2048	True	True
9ff417eb5b97d9a0807a2573c1825249	2013-04-18 06:28:53	0.0141686916	symm	gcc	-O2	None	128	128	Intel(R) Core(TM)2 Quad  CPU   Q8200  @ 2.33GHz	2333.359	2048	True	True
9ff417eb5b97d9a0807a2573c18254e2	2013-04-18 06:28:51	0.000236702	symm	gcc	-O2	None	8	8	Intel(R) Core(TM)2 Quad  CPU   Q8200  @ 2.33GHz	2333.359	2048	True	True
9ff417eb5b97d9a0807a2573c1825730	2013-04-18 06:28:49	-0.0002146959	symm	gcc	-O2	None	32	32	Intel(R) Core(TM)2 Quad  CPU   Q8200  @ 2.33GHz	2333.359	2048	True	True
9ff417eb5b97d9a0807a2573c1825c22	2013-04-18 06:28:48	-0.0001769066	symm	gcc	-O2	None	2	2	Intel(R) Core(TM)2 Quad  CPU   Q8200  @ 2.33GHz	2333.359	2048	True	True
9ff417eb5b97d9a0807a2573c1826683	2013-04-18 06:28:41	-7.84873962402E-005	symm	gcc	-O2	None	16	16	Intel(R) Core(TM)2 Quad  CPU   Q8200  @ 2.33GHz	2333.359	2048	True	True
9ff417eb5b97d9a0807a2573c18268a8	2013-04-18 06:28:40	3.74794006348E-005	symm	gcc	-O2	None	4	4	Intel(R) Core(TM)2 Quad  CPU   Q8200  @ 2.33GHz	2333.359	2048	True	True
9ff417eb5b97d9a0807a2573c18268cf	2013-04-18 06:28:37	376.90463491	symm	gcc	-O2	None	2048	2048	Intel(R) Core(TM)2 Quad  CPU   Q8200  @ 2.33GHz	2333.359	2048	True	True
9ff417eb5b97d9a0807a2573c1827000	2013-04-18 06:03:18	4.3986675501	symm	gcc	-O2	None	512	512	Intel(R) Core(TM)2 Quad  CPU   Q8200  @ 2.33GHz	2333.359	2048	True	True
9ff417eb5b97d9a0807a2573c1827e81	2013-04-18 06:02:58	0.0002145767	symm	gcc	-O2	None	4	4	Intel(R) Core(TM)2 Quad  CPU   Q8200  @ 2.33GHz	2333.359	2048	True	True
9ff417eb5b97d9a0807a2573c1827e92	2013-04-18 06:02:57	4.4187895775	symm	gcc	-O2	None	512	512	Intel(R) Core(TM)2 Quad  CPU   Q8200  @ 2.33GHz	2333.359	2048	True	True
9ff417eb5b97d9a0807a2573c18287bb	2013-04-18 06:02:38	-0.0002566099	symm	gcc	-O2	None	4	4	Intel(R) Core(TM)2 Quad  CPU   Q8200  @ 2.33GHz	2333.359	2048	True	True
9ff417eb5b97d9a0807a2573c1828d8b	2013-04-18 06:02:36	0.000547719	symm	gcc	-O2	None	8	8	Intel(R) Core(TM)2 Quad  CPU   Q8200  @ 2.33GHz	2333.359	2048	True	True
9ff417eb5b97d9a0807a2573c1828e10	2013-04-18 06:02:34	-2.05540657043E-005	symm	gcc	-O2	None	16	16	Intel(R) Core(TM)2 Quad  CPU   Q8200  @ 2.33GHz	2333.359	2048	True	True
9ff417eb5b97d9a0807a2573c1828ffe	2013-04-18 06:02:28	0.0002527952	symm	gcc	-O2	None	16	16	Intel(R) Core(TM)2 Quad  CPU   Q8200  @ 2.33GHz	2333.359	2048	True	True
9ff417eb5b97d9a0807a2573c1829bdd	2013-04-18 06:02:26	0.1452218056	symm	gcc	-O2	None	256	256	Intel(R) Core(TM)2 Quad  CPU   Q8200  @ 2.33GHz	2333.359	2048	True	True
9ff417eb5b97d9a0807a2573c182a8b5	2013-04-18 06:02:20	0.000594182	symm	gcc	-O2	None	2	2	Intel(R) Core(TM)2 Quad  CPU   Q8200  @ 2.33GHz	2333.359	2048	True	True
9ff417eb5b97d9a0807a2573c182a8f5	2013-04-18 06:02:13	45.8328965259	symm	gcc	-O2	None	1024	1024	Intel(R) Core(TM)2 Quad  CPU   Q8200  @ 2.33GHz	2333.359	2048	True	True
9ff417eb5b97d9a0807a2573c182aec7	2013-04-18 05:59:03	378.031980419	symm	gcc	-O2	None	2048	2048	Intel(R) Core(TM)2 Quad  CPU   Q8200  @ 2.33GHz	2333.359	2048	True	True
9ff417eb5b97d9a0807a2573c182b2a4	2013-04-18 05:33:42	379.08554008	symm	gcc	-O2	None	2048	2048	Intel(R) Core(TM)2 Quad  CPU   Q8200  @ 2.33GHz	2333.359	2048	True	True
9ff417eb5b97d9a0807a2573c182be9b	2013-04-18 05:08:18	378.994931865	symm	gcc	-O2	None	2048	2048	Intel(R) Core(TM)2 Quad  CPU   Q8200  @ 2.33GHz	2333.359	2048	True	True
9ff417eb5b97d9a0807a2573c182c140	2013-04-18 04:42:59	0.0013320923	symm	gcc	-O2	None	64	64	Intel(R) Core(TM)2 Quad  CPU   Q8200  @ 2.33GHz	2333.359	2048	True	True
9ff417eb5b97d9a0807a2573c182c1d8	2013-04-18 04:42:57	4.379135108	symm	gcc	-O2	None	512	512	Intel(R) Core(TM)2 Quad  CPU   Q8200  @ 2.33GHz	2333.359	2048	True	True
9ff417eb5b97d9a0807a2573c182c6a8	2013-04-18 04:42:38	0.0010105157	symm	gcc	-O2	None	64	64	Intel(R) Core(TM)2 Quad  CPU   Q8200  @ 2.33GHz	2333.359	2048	True	True
9ff417eb5b97d9a0807a2573c182d5bb	2013-04-18 04:42:32	0.0012093067	symm	gcc	-O2	None	64	64	Intel(R) Core(TM)2 Quad  CPU   Q8200  @ 2.33GHz	2333.359	2048	True	True
9ff417eb5b97d9a0807a2573c182dd4d	2013-04-18 04:42:30	376.552393103	symm	gcc	-O2	None	2048	2048	Intel(R) Core(TM)2 Quad  CPU   Q8200  @ 2.33GHz	2333.359	2048	True	True
9ff417eb5b97d9a0807a2573c182ec41	2013-04-18 04:17:12	-2.48694419861E-005	symm	gcc	-O2	None	32	32	Intel(R) Core(TM)2 Quad  CPU   Q8200  @ 2.33GHz	2333.359	2048	True	True
9ff417eb5b97d9a0807a2573c182f1ab	2013-04-18 04:17:05	-0.0003075552	symm	gcc	-O2	None	8	8	Intel(R) Core(TM)2 Quad  CPU   Q8200  @ 2.33GHz	2333.359	2048	True	True
9ff417eb5b97d9a0807a2573c182f64d	2013-04-18 04:16:59	4.4219743967	symm	gcc	-O2	None	512	512	Intel(R) Core(TM)2 Quad  CPU   Q8200  @ 2.33GHz	2333.359	2048	True	True
9ff417eb5b97d9a0807a2573c183004d	2013-04-18 04:16:40	0.000445199	symm	gcc	-O2	None	2	2	Intel(R) Core(TM)2 Quad  CPU   Q8200  @ 2.33GHz	2333.359	2048	True	True
9ff417eb5b97d9a0807a2573c1831000	2013-04-18 04:16:38	-0.0003665924	symm	gcc	-O2	None	4	4	Intel(R) Core(TM)2 Quad  CPU   Q8200  @ 2.33GHz	2333.359	2048	True	True
9ff417eb5b97d9a0807a2573c18319d8	2013-04-18 04:16:36	0.0004448009	symm	gcc	-O2	None	32	32	Intel(R) Core(TM)2 Quad  CPU   Q8200  @ 2.33GHz	2333.359	2048	True	True
9ff417eb5b97d9a0807a2573c1832369	2013-04-18 04:16:30	0.0003203154	symm	gcc	-O2	None	8	8	Intel(R) Core(TM)2 Quad  CPU   Q8200  @ 2.33GHz	2333.359	2048	True	True
9ff417eb5b97d9a0807a2573c1833222	2013-04-18 04:16:28	-0.0006459951	symm	gcc	-O2	None	4	4	Intel(R) Core(TM)2 Quad  CPU   Q8200  @ 2.33GHz	2333.359	2048	True	True
9ff417eb5b97d9a0807a2573c1833a82	2013-04-18 04:16:26	0.0138292599	symm	gcc	-O2	None	128	128	Intel(R) Core(TM)2 Quad  CPU   Q8200  @ 2.33GHz	2333.359	2048	True	True
9ff417eb5b97d9a0807a2573c1834961	2013-04-18 04:16:19	4.4289927721	symm	gcc	-O2	None	512	512	Intel(R) Core(TM)2 Quad  CPU   Q8200  @ 2.33GHz	2333.359	2048	True	True
9ff417eb5b97d9a0807a2573c1834c7a	2013-04-18 04:16:00	381.808972716	symm	gcc	-O2	None	2048	2048	Intel(R) Core(TM)2 Quad  CPU   Q8200  @ 2.33GHz	2333.359	2048	True	True
9ff417eb5b97d9a0807a2573c1835bb0	2013-04-18 03:50:14	0.0010803962	symm	gcc	-O2	None	64	64	Intel(R) Core(TM)2 Quad  CPU   Q8200  @ 2.33GHz	2333.359	2048	True	True
9ff417eb5b97d9a0807a2573c18364fa	2013-04-18 03:50:07	-0.0004033804	symm	gcc	-O2	None	16	16	Intel(R) Core(TM)2 Quad  CPU   Q8200  @ 2.33GHz	2333.359	2048	True	True
9ff417eb5b97d9a0807a2573c1836ce7	2013-04-18 03:50:05	0.0002266169	symm	gcc	-O2	None	16	16	Intel(R) Core(TM)2 Quad  CPU   Q8200  @ 2.33GHz	2333.359	2048	True	True
9ff417eb5b97d9a0807a2573c183719d	2013-04-18 03:50:03	4.4063065529	symm	gcc	-O2	None	512	512	Intel(R) Core(TM)2 Quad  CPU   Q8200  @ 2.33GHz	2333.359	2048	True	True
9ff417eb5b97d9a0807a2573c1837f7d	2013-04-18 03:49:44	0.1459588051	symm	gcc	-O2	None	256	256	Intel(R) Core(TM)2 Quad  CPU   Q8200  @ 2.33GHz	2333.359	2048	True	True
9ff417eb5b97d9a0807a2573c1838793	2013-04-18 03:49:38	0.000237298	symm	gcc	-O2	None	4	4	Intel(R) Core(TM)2 Quad  CPU   Q8200  @ 2.33GHz	2333.359	2048	True	True
9ff417eb5b97d9a0807a2573c18393c0	2013-04-18 03:49:37	0.0013038874	symm	gcc	-O2	None	64	64	Intel(R) Core(TM)2 Quad  CPU   Q8200  @ 2.33GHz	2333.359	2048	True	True
9ff417eb5b97d9a0807a2573c1839582	2013-04-18 03:49:35	0.0001055956	symm	gcc	-O2	None	4	4	Intel(R) Core(TM)2 Quad  CPU   Q8200  @ 2.33GHz	2333.359	2048	True	True
9ff417eb5b97d9a0807a2573c183a19e	2013-04-18 03:49:33	0.0140310287	symm	gcc	-O2	None	128	128	Intel(R) Core(TM)2 Quad  CPU   Q8200  @ 2.33GHz	2333.359	2048	True	True
9ff417eb5b97d9a0807a2573c183a4d2	2013-04-18 03:49:31	0.0006421804	symm	gcc	-O2	None	8	8	Intel(R) Core(TM)2 Quad  CPU   Q8200  @ 2.33GHz	2333.359	2048	True	True
9ff417eb5b97d9a0807a2573c183ad07	2013-04-18 03:49:29	0.0003281832	symm	gcc	-O2	None	2	2	Intel(R) Core(TM)2 Quad  CPU   Q8200  @ 2.33GHz	2333.359	2048	True	True
9ff417eb5b97d9a0807a2573c183b169	2013-04-18 03:49:28	0.14638412	symm	gcc	-O2	None	256	256	Intel(R) Core(TM)2 Quad  CPU   Q8200  @ 2.33GHz	2333.359	2048	True	True
9ff417eb5b97d9a0807a2573c183be71	2013-04-18 03:49:21	0.0138696218	symm	gcc	-O2	None	128	128	Intel(R) Core(TM)2 Quad  CPU   Q8200  @ 2.33GHz	2333.359	2048	True	True
9ff417eb5b97d9a0807a2573c183c07a	2013-04-18 03:49:15	-7.01904296875E-005	symm	gcc	-O2	None	4	4	Intel(R) Core(TM)2 Quad  CPU   Q8200  @ 2.33GHz	2333.359	2048	True	True
9ff417eb5b97d9a0807a2573c183c552	2013-04-18 03:49:13	0.0016607046	symm	gcc	-O2	None	64	64	Intel(R) Core(TM)2 Quad  CPU   Q8200  @ 2.33GHz	2333.359	2048	True	True
9ff417eb5b97d9a0807a2573c183ce4f	2013-04-18 03:49:11	4.3863477707	symm	gcc	-O2	None	512	512	Intel(R) Core(TM)2 Quad  CPU   Q8200  @ 2.33GHz	2333.359	2048	True	True
9ff417eb5b97d9a0807a2573c183d5e7	2013-04-18 03:48:52	0.0003629804	symm	gcc	-O2	None	8	8	Intel(R) Core(TM)2 Quad  CPU   Q8200  @ 2.33GHz	2333.359	2048	True	True
9ff417eb5b97d9a0807a2573c183d8a7	2013-04-18 03:48:46	0.0004563808	symm	gcc	-O2	None	32	32	Intel(R) Core(TM)2 Quad  CPU   Q8200  @ 2.33GHz	2333.359	2048	True	True
9ff417eb5b97d9a0807a2573c183dab6	2013-04-18 03:48:44	0.0008769989	symm	gcc	-O2	None	64	64	Intel(R) Core(TM)2 Quad  CPU   Q8200  @ 2.33GHz	2333.359	2048	True	True
9ff417eb5b97d9a0807a2573c183e46a	2013-04-18 03:48:42	45.6001997948	symm	gcc	-O2	None	1024	1024	Intel(R) Core(TM)2 Quad  CPU   Q8200  @ 2.33GHz	2333.359	2048	True	True
9ff417eb5b97d9a0807a2573c183eaa5	2013-04-18 03:45:38	4.3827445269	symm	gcc	-O2	None	512	512	Intel(R) Core(TM)2 Quad  CPU   Q8200  @ 2.33GHz	2333.359	2048	True	True
9ff417eb5b97d9a0807a2573c183f573	2013-04-18 03:45:19	0.0003541613	symm	gcc	-O2	None	16	16	Intel(R) Core(TM)2 Quad  CPU   Q8200  @ 2.33GHz	2333.359	2048	True	True
9ff417eb5b97d9a0807a2573c183f924	2013-04-18 03:45:12	0.0005597115	symm	gcc	-O2	None	32	32	Intel(R) Core(TM)2 Quad  CPU   Q8200  @ 2.33GHz	2333.359	2048	True	True
9ff417eb5b97d9a0807a2573c184033b	2013-04-18 03:45:11	-0.0001811028	symm	gcc	-O2	None	8	8	Intel(R) Core(TM)2 Quad  CPU   Q8200  @ 2.33GHz	2333.359	2048	True	True
9ff417eb5b97d9a0807a2573c1840ac9	2013-04-18 03:45:04	0.0135287762	symm	gcc	-O2	None	128	128	Intel(R) Core(TM)2 Quad  CPU   Q8200  @ 2.33GHz	2333.359	2048	True	True
9ff417eb5b97d9a0807a2573c1840d2d	2013-04-18 03:45:02	0.0002521324	symm	gcc	-O2	None	8	8	Intel(R) Core(TM)2 Quad  CPU   Q8200  @ 2.33GHz	2333.359	2048	True	True
9ff417eb5b97d9a0807a2573c1841730	2013-04-18 03:44:55	0.0001952648	symm	gcc	-O2	None	2	2	Intel(R) Core(TM)2 Quad  CPU   Q8200  @ 2.33GHz	2333.359	2048	True	True
9ff417eb5b97d9a0807a2573c1842530	2013-04-18 03:44:53	45.5525328398	symm	gcc	-O2	None	1024	1024	Intel(R) Core(TM)2 Quad  CPU   Q8200  @ 2.33GHz	2333.359	2048	True	True
9ff417eb5b97d9a0807a2573c184347b	2013-04-18 03:41:49	0.0001123905	symm	gcc	-O2	None	8	8	Intel(R) Core(TM)2 Quad  CPU   Q8200  @ 2.33GHz	2333.359	2048	True	True
9ff417eb5b97d9a0807a2573c1843c66	2013-04-18 03:41:48	0.0005626202	symm	gcc	-O2	None	2	2	Intel(R) Core(TM)2 Quad  CPU   Q8200  @ 2.33GHz	2333.359	2048	True	True
9ff417eb5b97d9a0807a2573c1843d10	2013-04-18 03:41:46	0.0140449047	symm	gcc	-O2	None	128	128	Intel(R) Core(TM)2 Quad  CPU   Q8200  @ 2.33GHz	2333.359	2048	True	True
9ff417eb5b97d9a0807a2573c18446a2	2013-04-18 03:41:44	377.368551736	symm	gcc	-O2	None	2048	2048	Intel(R) Core(TM)2 Quad  CPU   Q8200  @ 2.33GHz	2333.359	2048	True	True
9ff417eb5b97d9a0807a2573c1845040	2013-04-18 03:16:24	0.0005046844	symm	gcc	-O2	None	8	8	Intel(R) Core(TM)2 Quad  CPU   Q8200  @ 2.33GHz	2333.359	2048	True	True
9ff417eb5b97d9a0807a2573c184513e	2013-04-18 03:16:23	4.3918953657	symm	gcc	-O2	None	512	512	Intel(R) Core(TM)2 Quad  CPU   Q8200  @ 2.33GHz	2333.359	2048	True	True
9ff417eb5b97d9a0807a2573c1845933	2013-04-18 03:16:04	376.383356833	symm	gcc	-O2	None	2048	2048	Intel(R) Core(TM)2 Quad  CPU   Q8200  @ 2.33GHz	2333.359	2048	True	True
9ff417eb5b97d9a0807a2573c18462e5	2013-04-18 02:50:49	0.0001741171	symm	gcc	-O2	None	16	16	Intel(R) Core(TM)2 Quad  CPU   Q8200  @ 2.33GHz	2333.359	2048	True	True
9ff417eb5b97d9a0807a2573c1846ccc	2013-04-18 02:50:47	4.287285924	symm	gcc	-O2	None	512	512	Intel(R) Core(TM)2 Quad  CPU   Q8200  @ 2.33GHz	2333.359	2048	True	True
9ff417eb5b97d9a0807a2573c18475cd	2013-04-18 02:50:28	0.000649786	symm	gcc	-O2	None	32	32	Intel(R) Core(TM)2 Quad  CPU   Q8200  @ 2.33GHz	2333.359	2048	True	True
9ff417eb5b97d9a0807a2573c1847da6	2013-04-18 02:50:27	0.0005394912	symm	gcc	-O2	None	2	2	Intel(R) Core(TM)2 Quad  CPU   Q8200  @ 2.33GHz	2333.359	2048	True	True
9ff417eb5b97d9a0807a2573c18487fc	2013-04-18 02:50:20	0.0141735053	symm	gcc	-O2	None	128	128	Intel(R) Core(TM)2 Quad  CPU   Q8200  @ 2.33GHz	2333.359	2048	True	True
9ff417eb5b97d9a0807a2573c18490b0	2013-04-18 02:50:08	45.6215897083	symm	gcc	-O2	None	1024	1024	Intel(R) Core(TM)2 Quad  CPU   Q8200  @ 2.33GHz	2333.359	2048	True	True
9ff417eb5b97d9a0807a2573c1849c13	2013-04-18 02:47:04	45.5722373486	symm	gcc	-O2	None	1024	1024	Intel(R) Core(TM)2 Quad  CPU   Q8200  @ 2.33GHz	2333.359	2048	True	True
9ff417eb5b97d9a0807a2573c1849f59	2013-04-18 02:44:00	-0.0001290798	symm	gcc	-O2	None	8	8	Intel(R) Core(TM)2 Quad  CPU   Q8200  @ 2.33GHz	2333.359	2048	True	True
9ff417eb5b97d9a0807a2573c184ad71	2013-04-18 02:43:58	4.4051862001	symm	gcc	-O2	None	512	512	Intel(R) Core(TM)2 Quad  CPU   Q8200  @ 2.33GHz	2333.359	2048	True	True
9ff417eb5b97d9a0807a2573c184b4c0	2013-04-18 02:43:39	0.0005887032	symm	gcc	-O2	None	32	32	Intel(R) Core(TM)2 Quad  CPU   Q8200  @ 2.33GHz	2333.359	2048	True	True
9ff417eb5b97d9a0807a2573c184bf75	2013-04-18 02:43:38	0.0012130976	symm	gcc	-O2	None	64	64	Intel(R) Core(TM)2 Quad  CPU   Q8200  @ 2.33GHz	2333.359	2048	True	True
9ff417eb5b97d9a0807a2573c184c9a6	2013-04-18 02:43:36	0.0002530098	symm	gcc	-O2	None	32	32	Intel(R) Core(TM)2 Quad  CPU   Q8200  @ 2.33GHz	2333.359	2048	True	True
9ff417eb5b97d9a0807a2573c184d5de	2013-04-18 02:43:34	0.0004677653	symm	gcc	-O2	None	16	16	Intel(R) Core(TM)2 Quad  CPU   Q8200  @ 2.33GHz	2333.359	2048	True	True
9ff417eb5b97d9a0807a2573c184d9a6	2013-04-18 02:43:27	376.97440033	symm	gcc	-O2	None	2048	2048	Intel(R) Core(TM)2 Quad  CPU   Q8200  @ 2.33GHz	2333.359	2048	True	True
9ff417eb5b97d9a0807a2573c184e479	2013-04-18 02:18:14	0.0017123938	symm	gcc	-O2	None	64	64	Intel(R) Core(TM)2 Quad  CPU   Q8200  @ 2.33GHz	2333.359	2048	True	True
9ff417eb5b97d9a0807a2573c184ee1f	2013-04-18 02:18:12	45.3499610186	symm	gcc	-O2	None	1024	1024	Intel(R) Core(TM)2 Quad  CPU   Q8200  @ 2.33GHz	2333.359	2048	True	True
9ff417eb5b97d9a0807a2573c184f0b3	2013-04-18 02:15:08	0.0002090931	symm	gcc	-O2	None	2	2	Intel(R) Core(TM)2 Quad  CPU   Q8200  @ 2.33GHz	2333.359	2048	True	True
9ff417eb5b97d9a0807a2573c184f49a	2013-04-18 02:15:06	378.961466146	symm	gcc	-O2	None	2048	2048	Intel(R) Core(TM)2 Quad  CPU   Q8200  @ 2.33GHz	2333.359	2048	True	True
9ff417eb5b97d9a0807a2573c1850300	2013-04-18 01:49:49	0.1484668016	symm	gcc	-O2	None	256	256	Intel(R) Core(TM)2 Quad  CPU   Q8200  @ 2.33GHz	2333.359	2048	True	True
9ff417eb5b97d9a0807a2573c1850ee6	2013-04-18 01:49:43	376.630899143	symm	gcc	-O2	None	2048	2048	Intel(R) Core(TM)2 Quad  CPU   Q8200  @ 2.33GHz	2333.359	2048	True	True
9ff417eb5b97d9a0807a2573c1850f22	2013-04-18 01:24:22	0.1456053019	symm	gcc	-O2	None	256	256	Intel(R) Core(TM)2 Quad  CPU   Q8200  @ 2.33GHz	2333.359	2048	True	True
9ff417eb5b97d9a0807a2573c1851ab9	2013-04-18 01:24:16	0.0004574561	symm	gcc	-O2	None	16	16	Intel(R) Core(TM)2 Quad  CPU   Q8200  @ 2.33GHz	2333.359	2048	True	True
9ff417eb5b97d9a0807a2573c18522fa	2013-04-18 01:24:10	-5.66720962524E-005	symm	gcc	-O2	None	8	8	Intel(R) Core(TM)2 Quad  CPU   Q8200  @ 2.33GHz	2333.359	2048	True	True
9ff417eb5b97d9a0807a2573c1852ccc	2013-04-18 01:24:08	0.0001164913	symm	gcc	-O2	None	2	2	Intel(R) Core(TM)2 Quad  CPU   Q8200  @ 2.33GHz	2333.359	2048	True	True
9ff417eb5b97d9a0807a2573c1853478	2013-04-18 01:24:06	0.0014399052	symm	gcc	-O2	None	64	64	Intel(R) Core(TM)2 Quad  CPU   Q8200  @ 2.33GHz	2333.359	2048	True	True
9ff417eb5b97d9a0807a2573c1853985	2013-04-18 01:24:04	0.0014515877	symm	gcc	-O2	None	64	64	Intel(R) Core(TM)2 Quad  CPU   Q8200  @ 2.33GHz	2333.359	2048	True	True
9ff417eb5b97d9a0807a2573c1853c44	2013-04-18 01:24:03	0.0136694193	symm	gcc	-O2	None	128	128	Intel(R) Core(TM)2 Quad  CPU   Q8200  @ 2.33GHz	2333.359	2048	True	True
9ff417eb5b97d9a0807a2573c18540f3	2013-04-18 01:24:00	0.0010873079	symm	gcc	-O2	None	64	64	Intel(R) Core(TM)2 Quad  CPU   Q8200  @ 2.33GHz	2333.359	2048	True	True
9ff417eb5b97d9a0807a2573c185435b	2013-04-18 01:23:58	45.4007318497	symm	gcc	-O2	None	1024	1024	Intel(R) Core(TM)2 Quad  CPU   Q8200  @ 2.33GHz	2333.359	2048	True	True
9ff417eb5b97d9a0807a2573c1854c4f	2013-04-18 01:20:54	376.647473645	symm	gcc	-O2	None	2048	2048	Intel(R) Core(TM)2 Quad  CPU   Q8200  @ 2.33GHz	2333.359	2048	True	True
9ff417eb5b97d9a0807a2573c1855920	2013-04-18 00:55:43	377.587780595	symm	gcc	-O2	None	2048	2048	Intel(R) Core(TM)2 Quad  CPU   Q8200  @ 2.33GHz	2333.359	2048	True	True
9ff417eb5b97d9a0807a2573c18566d0	2013-04-18 00:30:22	-0.0001158953	symm	gcc	-O2	None	4	4	Intel(R) Core(TM)2 Quad  CPU   Q8200  @ 2.33GHz	2333.359	2048	True	True
9ff417eb5b97d9a0807a2573c18569f7	2013-04-18 00:30:20	0.1447289944	symm	gcc	-O2	None	256	256	Intel(R) Core(TM)2 Quad  CPU   Q8200  @ 2.33GHz	2333.359	2048	True	True
9ff417eb5b97d9a0807a2573c1857276	2013-04-18 00:30:14	-9.58442687989E-006	symm	gcc	-O2	None	8	8	Intel(R) Core(TM)2 Quad  CPU   Q8200  @ 2.33GHz	2333.359	2048	True	True
9ff417eb5b97d9a0807a2573c1857d13	2013-04-18 00:30:13	0.0004809856	symm	gcc	-O2	None	4	4	Intel(R) Core(TM)2 Quad  CPU   Q8200  @ 2.33GHz	2333.359	2048	True	True
9ff417eb5b97d9a0807a2573c18584ac	2013-04-18 00:30:11	378.619660974	symm	gcc	-O2	None	2048	2048	Intel(R) Core(TM)2 Quad  CPU   Q8200  @ 2.33GHz	2333.359	2048	True	True
9ff417eb5b97d9a0807a2573c18589f4	2013-04-18 00:04:52	-3.22818756104E-005	symm	gcc	-O2	None	4	4	Intel(R) Core(TM)2 Quad  CPU   Q8200  @ 2.33GHz	2333.359	2048	True	True
9ff417eb5b97d9a0807a2573c1858b15	2013-04-18 00:04:51	0.152784586	symm	gcc	-O2	None	256	256	Intel(R) Core(TM)2 Quad  CPU   Q8200  @ 2.33GHz	2333.359	2048	True	True
9ff417eb5b97d9a0807a2573c1858fd2	2013-04-18 00:04:44	378.524858427	symm	gcc	-O2	None	2048	2048	Intel(R) Core(TM)2 Quad  CPU   Q8200  @ 2.33GHz	2333.359	2048	True	True
9ff417eb5b97d9a0807a2573c1859479	2013-04-17 23:39:27	0.1444396019	symm	gcc	-O2	None	256	256	Intel(R) Core(TM)2 Quad  CPU   Q8200  @ 2.33GHz	2333.359	2048	True	True
9ff417eb5b97d9a0807a2573c185a0b8	2013-04-17 23:39:21	-0.0001013994	symm	gcc	-O2	None	4	4	Intel(R) Core(TM)2 Quad  CPU   Q8200  @ 2.33GHz	2333.359	2048	True	True
9ff417eb5b97d9a0807a2573c185a8bc	2013-04-17 23:39:20	4.3481176853	symm	gcc	-O2	None	512	512	Intel(R) Core(TM)2 Quad  CPU   Q8200  @ 2.33GHz	2333.359	2048	True	True
9ff417eb5b97d9a0807a2573c185abd1	2013-04-17 23:39:00	45.3681307793	symm	gcc	-O2	None	1024	1024	Intel(R) Core(TM)2 Quad  CPU   Q8200  @ 2.33GHz	2333.359	2048	True	True
9ff417eb5b97d9a0807a2573c185b340	2013-04-17 23:35:57	0.0012273073	symm	gcc	-O2	None	64	64	Intel(R) Core(TM)2 Quad  CPU   Q8200  @ 2.33GHz	2333.359	2048	True	True
9ff417eb5b97d9a0807a2573c185bfc7	2013-04-17 23:35:55	45.4115081072	symm	gcc	-O2	None	1024	1024	Intel(R) Core(TM)2 Quad  CPU   Q8200  @ 2.33GHz	2333.359	2048	True	True
9ff417eb5b97d9a0807a2573c185cdd7	2013-04-17 23:32:51	0.0010164332	symm	gcc	-O2	None	64	64	Intel(R) Core(TM)2 Quad  CPU   Q8200  @ 2.33GHz	2333.359	2048	True	True
9ff417eb5b97d9a0807a2573c185cdee	2013-04-17 23:32:39	45.3646532297	symm	gcc	-O2	None	1024	1024	Intel(R) Core(TM)2 Quad  CPU   Q8200  @ 2.33GHz	2333.359	2048	True	True
9ff417eb5b97d9a0807a2573c185cede	2013-04-17 23:29:35	9.52005386353E-005	symm	gcc	-O2	None	8	8	Intel(R) Core(TM)2 Quad  CPU   Q8200  @ 2.33GHz	2333.359	2048	True	True
9ff417eb5b97d9a0807a2573c185d974	2013-04-17 23:29:33	378.477153277	symm	gcc	-O2	None	2048	2048	Intel(R) Core(TM)2 Quad  CPU   Q8200  @ 2.33GHz	2333.359	2048	True	True
9ff417eb5b97d9a0807a2573c185e4be	2013-04-17 23:04:14	-0.0003781796	symm	gcc	-O2	None	2	2	Intel(R) Core(TM)2 Quad  CPU   Q8200  @ 2.33GHz	2333.359	2048	True	True
9ff417eb5b97d9a0807a2573c185ef4b	2013-04-17 23:04:12	0.0002288103	symm	gcc	-O2	None	32	32	Intel(R) Core(TM)2 Quad  CPU   Q8200  @ 2.33GHz	2333.359	2048	True	True
9ff417eb5b97d9a0807a2573c185f6b7	2013-04-17 23:04:10	-6.53266906738E-005	symm	gcc	-O2	None	16	16	Intel(R) Core(TM)2 Quad  CPU   Q8200  @ 2.33GHz	2333.359	2048	True	True
9ff417eb5b97d9a0807a2573c186037a	2013-04-17 23:04:09	0.0005017209	symm	gcc	-O2	None	8	8	Intel(R) Core(TM)2 Quad  CPU   Q8200  @ 2.33GHz	2333.359	2048	True	True
9ff417eb5b97d9a0807a2573c1860480	2013-04-17 23:04:02	377.310189319	symm	gcc	-O2	None	2048	2048	Intel(R) Core(TM)2 Quad  CPU   Q8200  @ 2.33GHz	2333.359	2048	True	True
9ff417eb5b97d9a0807a2573c1860da8	2013-04-17 22:38:43	0.0013606071	symm	gcc	-O2	None	64	64	Intel(R) Core(TM)2 Quad  CPU   Q8200  @ 2.33GHz	2333.359	2048	True	True
9ff417eb5b97d9a0807a2573c18611be	2013-04-17 22:38:41	0.0002831936	symm	gcc	-O2	None	32	32	Intel(R) Core(TM)2 Quad  CPU   Q8200  @ 2.33GHz	2333.359	2048	True	True
9ff417eb5b97d9a0807a2573c1861ed6	2013-04-17 22:38:39	9.10758972168E-006	symm	gcc	-O2	None	2	2	Intel(R) Core(TM)2 Quad  CPU   Q8200  @ 2.33GHz	2333.359	2048	True	True
9ff417eb5b97d9a0807a2573c18624f7	2013-04-17 22:38:38	0.0005412102	symm	gcc	-O2	None	4	4	Intel(R) Core(TM)2 Quad  CPU   Q8200  @ 2.33GHz	2333.359	2048	True	True
9ff417eb5b97d9a0807a2573c1863196	2013-04-17 22:38:36	377.110178351	symm	gcc	-O2	None	2048	2048	Intel(R) Core(TM)2 Quad  CPU   Q8200  @ 2.33GHz	2333.359	2048	True	True
9ff417eb5b97d9a0807a2573c1863a23	2013-04-17 22:13:17	-0.0002023935	symm	gcc	-O2	None	2	2	Intel(R) Core(TM)2 Quad  CPU   Q8200  @ 2.33GHz	2333.359	2048	True	True
9ff417eb5b97d9a0807a2573c18647f9	2013-04-17 22:13:15	0.1510899782	symm	gcc	-O2	None	256	256	Intel(R) Core(TM)2 Quad  CPU   Q8200  @ 2.33GHz	2333.359	2048	True	True
9ff417eb5b97d9a0807a2573c1865535	2013-04-17 22:13:09	-9.0594291687E-005	symm	gcc	-O2	None	16	16	Intel(R) Core(TM)2 Quad  CPU   Q8200  @ 2.33GHz	2333.359	2048	True	True
9ff417eb5b97d9a0807a2573c1865da2	2013-04-17 22:13:02	376.810025287	symm	gcc	-O2	None	2048	2048	Intel(R) Core(TM)2 Quad  CPU   Q8200  @ 2.33GHz	2333.359	2048	True	True
9ff417eb5b97d9a0807a2573c186618f	2013-04-17 21:47:50	0.0005020285	symm	gcc	-O2	None	2	2	Intel(R) Core(TM)2 Quad  CPU   Q8200  @ 2.33GHz	2333.359	2048	True	True
9ff417eb5b97d9a0807a2573c1866662	2013-04-17 21:47:43	0.0002115607	symm	gcc	-O2	None	2	2	Intel(R) Core(TM)2 Quad  CPU   Q8200  @ 2.33GHz	2333.359	2048	True	True
9ff417eb5b97d9a0807a2573c1867240	2013-04-17 21:47:31	0.1479696035	symm	gcc	-O2	None	256	256	Intel(R) Core(TM)2 Quad  CPU   Q8200  @ 2.33GHz	2333.359	2048	True	True
9ff417eb5b97d9a0807a2573c1867b35	2013-04-17 21:47:25	0.0003727198	symm	gcc	-O2	None	32	32	Intel(R) Core(TM)2 Quad  CPU   Q8200  @ 2.33GHz	2333.359	2048	True	True
9ff417eb5b97d9a0807a2573c186839a	2013-04-17 21:47:23	0.000488472	symm	gcc	-O2	None	16	16	Intel(R) Core(TM)2 Quad  CPU   Q8200  @ 2.33GHz	2333.359	2048	True	True
9ff417eb5b97d9a0807a2573c1869074	2013-04-17 21:47:21	378.50471108	symm	gcc	-O2	None	2048	2048	Intel(R) Core(TM)2 Quad  CPU   Q8200  @ 2.33GHz	2333.359	2048	True	True
9ff417eb5b97d9a0807a2573c1869f0d	2013-04-17 21:22:00	4.310131073E-005	symm	gcc	-O2	None	16	16	Intel(R) Core(TM)2 Quad  CPU   Q8200  @ 2.33GHz	2333.359	2048	True	True
9ff417eb5b97d9a0807a2573c186a6f1	2013-04-17 21:21:54	0.000511694	symm	gcc	-O2	None	4	4	Intel(R) Core(TM)2 Quad  CPU   Q8200  @ 2.33GHz	2333.359	2048	True	True
9ff417eb5b97d9a0807a2573c186b641	2013-04-17 21:21:52	-9.17744636536E-005	symm	gcc	-O2	None	8	8	Intel(R) Core(TM)2 Quad  CPU   Q8200  @ 2.33GHz	2333.359	2048	True	True
9ff417eb5b97d9a0807a2573c186c13c	2013-04-17 21:21:46	4.3522720814	symm	gcc	-O2	None	512	512	Intel(R) Core(TM)2 Quad  CPU   Q8200  @ 2.33GHz	2333.359	2048	True	True
9ff417eb5b97d9a0807a2573c186d10a	2013-04-17 21:21:27	4.44173812866E-005	symm	gcc	-O2	None	2	2	Intel(R) Core(TM)2 Quad  CPU   Q8200  @ 2.33GHz	2333.359	2048	True	True
9ff417eb5b97d9a0807a2573c186d458	2013-04-17 21:21:25	-0.000143981	symm	gcc	-O2	None	8	8	Intel(R) Core(TM)2 Quad  CPU   Q8200  @ 2.33GHz	2333.359	2048	True	True
9ff417eb5b97d9a0807a2573c186df77	2013-04-17 21:21:23	377.138268518	symm	gcc	-O2	None	2048	2048	Intel(R) Core(TM)2 Quad  CPU   Q8200  @ 2.33GHz	2333.359	2048	True	True
9ff417eb5b97d9a0807a2573c186dff1	2013-04-17 20:56:05	45.4562252998	symm	gcc	-O2	None	1024	1024	Intel(R) Core(TM)2 Quad  CPU   Q8200  @ 2.33GHz	2333.359	2048	True	True
9ff417eb5b97d9a0807a2573c186e301	2013-04-17 20:53:01	0.0140164852	symm	gcc	-O2	None	128	128	Intel(R) Core(TM)2 Quad  CPU   Q8200  @ 2.33GHz	2333.359	2048	True	True
9ff417eb5b97d9a0807a2573c186e631	2013-04-17 20:52:59	0.000256896	symm	gcc	-O2	None	2	2	Intel(R) Core(TM)2 Quad  CPU   Q8200  @ 2.33GHz	2333.359	2048	True	True
9ff417eb5b97d9a0807a2573c186f550	2013-04-17 20:52:57	376.760294127	symm	gcc	-O2	None	2048	2048	Intel(R) Core(TM)2 Quad  CPU   Q8200  @ 2.33GHz	2333.359	2048	True	True
9ff417eb5b97d9a0807a2573c186fc1e	2013-04-17 20:27:40	0.0029754925	symm	gcc	-O2	None	32	32	Intel(R) Core(TM)2 Quad  CPU   Q8200  @ 2.33GHz	2333.359	2048	True	True
9ff417eb5b97d9a0807a2573c18701dc	2013-04-17 20:27:31	4.4158474207	symm	gcc	-O2	None	512	512	Intel(R) Core(TM)2 Quad  CPU   Q8200  @ 2.33GHz	2333.359	2048	True	True
9ff417eb5b97d9a0807a2573c1870e21	2013-04-17 20:27:12	0.0003511906	symm	gcc	-O2	None	2	2	Intel(R) Core(TM)2 Quad  CPU   Q8200  @ 2.33GHz	2333.359	2048	True	True
9ff417eb5b97d9a0807a2573c187157c	2013-04-17 20:27:10	0.0004637003	symm	gcc	-O2	None	4	4	Intel(R) Core(TM)2 Quad  CPU   Q8200  @ 2.33GHz	2333.359	2048	True	True
9ff417eb5b97d9a0807a2573c1871725	2013-04-17 20:27:08	0.0013545465	symm	gcc	-O2	None	64	64	Intel(R) Core(TM)2 Quad  CPU   Q8200  @ 2.33GHz	2333.359	2048	True	True
9ff417eb5b97d9a0807a2573c1871bc7	2013-04-17 20:27:01	0.0001914978	symm	gcc	-O2	None	8	8	Intel(R) Core(TM)2 Quad  CPU   Q8200  @ 2.33GHz	2333.359	2048	True	True
9ff417eb5b97d9a0807a2573c1872166	2013-04-17 20:26:59	0.1455116034	symm	gcc	-O2	None	256	256	Intel(R) Core(TM)2 Quad  CPU   Q8200  @ 2.33GHz	2333.359	2048	True	True
b36a3be713fcca5287aae7f430c931b4	2013-04-18 05:36:00	0.0001118803	symm	gcc	-O2	None	4	4	Intel(R) Core(TM) i5 CPU       M 460  @ 2.53GHz	2527.06	3072	True	True
b36a3be713fcca5287aae7f430c9388a	2013-04-18 05:35:57	-6.63805007935E-005	symm	gcc	-O2	None	4	4	Intel(R) Core(TM) i5 CPU       M 460  @ 2.53GHz	2527.06	3072	True	True
b36a3be713fcca5287aae7f430c93993	2013-04-18 05:35:54	2.6877042913	symm	gcc	-O2	None	512	512	Intel(R) Core(TM) i5 CPU       M 460  @ 2.53GHz	2527.06	3072	True	True
b36a3be713fcca5287aae7f430c93c0e	2013-04-18 05:35:41	0.0001542544	symm	gcc	-O2	None	16	16	Intel(R) Core(TM) i5 CPU       M 460  @ 2.53GHz	2527.06	3072	True	True
b36a3be713fcca5287aae7f430c9455c	2013-04-18 05:35:39	0.0070284843	symm	gcc	-O2	None	128	128	Intel(R) Core(TM) i5 CPU       M 460  @ 2.53GHz	2527.06	3072	True	True
b36a3be713fcca5287aae7f430c94b6f	2013-04-18 05:35:37	343.035404456	symm	gcc	-O2	None	2048	2048	Intel(R) Core(TM) i5 CPU       M 460  @ 2.53GHz	2527.06	3072	True	True
b36a3be713fcca5287aae7f430c95375	2013-04-18 05:12:11	0.0001739597	symm	gcc	-O2	None	2	2	Intel(R) Core(TM) i5 CPU       M 460  @ 2.53GHz	2527.06	3072	True	True
b36a3be713fcca5287aae7f430c95c98	2013-04-18 05:12:08	0.0001687884	symm	gcc	-O2	None	8	8	Intel(R) Core(TM) i5 CPU       M 460  @ 2.53GHz	2527.06	3072	True	True
b36a3be713fcca5287aae7f430c96bf0	2013-04-18 05:12:06	32.4242322683	symm	gcc	-O2	None	1024	1024	Intel(R) Core(TM) i5 CPU       M 460  @ 2.53GHz	2527.06	3072	True	True
b36a3be713fcca5287aae7f430c9794c	2013-04-18 05:09:55	32.3188059402	symm	gcc	-O2	None	1024	1024	Intel(R) Core(TM) i5 CPU       M 460  @ 2.53GHz	2527.06	3072	True	True
b36a3be713fcca5287aae7f430c97eae	2013-04-18 05:07:43	2.357006073E-005	symm	gcc	-O2	None	2	2	Intel(R) Core(TM) i5 CPU       M 460  @ 2.53GHz	2527.06	3072	True	True
b36a3be713fcca5287aae7f430c989a0	2013-04-18 05:07:40	-5.32603263855E-005	symm	gcc	-O2	None	4	4	Intel(R) Core(TM) i5 CPU       M 460  @ 2.53GHz	2527.06	3072	True	True
b36a3be713fcca5287aae7f430c9944a	2013-04-18 05:07:37	0.0071249962	symm	gcc	-O2	None	128	128	Intel(R) Core(TM) i5 CPU       M 460  @ 2.53GHz	2527.06	3072	True	True
b36a3be713fcca5287aae7f430c99bda	2013-04-18 05:07:36	0.0001006389	symm	gcc	-O2	None	16	16	Intel(R) Core(TM) i5 CPU       M 460  @ 2.53GHz	2527.06	3072	True	True
b36a3be713fcca5287aae7f430c9a65e	2013-04-18 05:07:33	0.0067593718	symm	gcc	-O2	None	128	128	Intel(R) Core(TM) i5 CPU       M 460  @ 2.53GHz	2527.06	3072	True	True
b36a3be713fcca5287aae7f430c9abb9	2013-04-18 05:07:31	2.7098611283	symm	gcc	-O2	None	512	512	Intel(R) Core(TM) i5 CPU       M 460  @ 2.53GHz	2527.06	3072	True	True
b36a3be713fcca5287aae7f430c9af8f	2013-04-18 05:07:18	0.0071445823	symm	gcc	-O2	None	128	128	Intel(R) Core(TM) i5 CPU       M 460  @ 2.53GHz	2527.06	3072	True	True
b36a3be713fcca5287aae7f430c9bc01	2013-04-18 05:07:13	32.3815213442	symm	gcc	-O2	None	1024	1024	Intel(R) Core(TM) i5 CPU       M 460  @ 2.53GHz	2527.06	3072	True	True
b36a3be713fcca5287aae7f430c9c3e5	2013-04-18 05:05:02	0.0735087848	symm	gcc	-O2	None	256	256	Intel(R) Core(TM) i5 CPU       M 460  @ 2.53GHz	2527.06	3072	True	True
b36a3be713fcca5287aae7f430c9c765	2013-04-18 05:04:58	2.715115099	symm	gcc	-O2	None	512	512	Intel(R) Core(TM) i5 CPU       M 460  @ 2.53GHz	2527.06	3072	True	True
b36a3be713fcca5287aae7f430c9d409	2013-04-18 05:04:45	350.136712272	symm	gcc	-O2	None	2048	2048	Intel(R) Core(TM) i5 CPU       M 460  @ 2.53GHz	2527.06	3072	True	True
b36a3be713fcca5287aae7f430c9d915	2013-04-18 04:40:52	32.1667573094	symm	gcc	-O2	None	1024	1024	Intel(R) Core(TM) i5 CPU       M 460  @ 2.53GHz	2527.06	3072	True	True
b36a3be713fcca5287aae7f430c9dce0	2013-04-18 04:38:40	0.0004693913	symm	gcc	-O2	None	64	64	Intel(R) Core(TM) i5 CPU       M 460  @ 2.53GHz	2527.06	3072	True	True
b36a3be713fcca5287aae7f430c9de9b	2013-04-18 04:38:38	8.70513916016E-005	symm	gcc	-O2	None	2	2	Intel(R) Core(TM) i5 CPU       M 460  @ 2.53GHz	2527.06	3072	True	True
b36a3be713fcca5287aae7f430c9e049	2013-04-18 04:38:35	3.27825546265E-005	symm	gcc	-O2	None	4	4	Intel(R) Core(TM) i5 CPU       M 460  @ 2.53GHz	2527.06	3072	True	True
b36a3be713fcca5287aae7f430c9e775	2013-04-18 04:38:32	0.0001035252	symm	gcc	-O2	None	2	2	Intel(R) Core(TM) i5 CPU       M 460  @ 2.53GHz	2527.06	3072	True	True
b36a3be713fcca5287aae7f430c9ea79	2013-04-18 04:38:18	0.0732103467	symm	gcc	-O2	None	256	256	Intel(R) Core(TM) i5 CPU       M 460  @ 2.53GHz	2527.06	3072	True	True
b36a3be713fcca5287aae7f430c9ee3d	2013-04-18 04:38:14	0.0069041038	symm	gcc	-O2	None	128	128	Intel(R) Core(TM) i5 CPU       M 460  @ 2.53GHz	2527.06	3072	True	True
b36a3be713fcca5287aae7f430c9fcb9	2013-04-18 04:38:12	32.5860642195	symm	gcc	-O2	None	1024	1024	Intel(R) Core(TM) i5 CPU       M 460  @ 2.53GHz	2527.06	3072	True	True
b36a3be713fcca5287aae7f430ca0348	2013-04-18 04:35:59	339.206139886	symm	gcc	-O2	None	2048	2048	Intel(R) Core(TM) i5 CPU       M 460  @ 2.53GHz	2527.06	3072	True	True
b36a3be713fcca5287aae7f430ca046c	2013-04-18 04:12:55	2.7474745441	symm	gcc	-O2	None	512	512	Intel(R) Core(TM) i5 CPU       M 460  @ 2.53GHz	2527.06	3072	True	True
b36a3be713fcca5287aae7f430ca139c	2013-04-18 04:12:43	0.000049448	symm	gcc	-O2	None	32	32	Intel(R) Core(TM) i5 CPU       M 460  @ 2.53GHz	2527.06	3072	True	True
b36a3be713fcca5287aae7f430ca16ab	2013-04-18 04:12:39	349.305107419	symm	gcc	-O2	None	2048	2048	Intel(R) Core(TM) i5 CPU       M 460  @ 2.53GHz	2527.06	3072	True	True
b36a3be713fcca5287aae7f430ca18af	2013-04-18 03:48:58	0.0069365692	symm	gcc	-O2	None	128	128	Intel(R) Core(TM) i5 CPU       M 460  @ 2.53GHz	2527.06	3072	True	True
b36a3be713fcca5287aae7f430ca1e4d	2013-04-18 03:48:56	2.6791771841	symm	gcc	-O2	None	512	512	Intel(R) Core(TM) i5 CPU       M 460  @ 2.53GHz	2527.06	3072	True	True
b36a3be713fcca5287aae7f430ca23be	2013-04-18 03:48:43	344.76362236	symm	gcc	-O2	None	2048	2048	Intel(R) Core(TM) i5 CPU       M 460  @ 2.53GHz	2527.06	3072	True	True
b36a3be713fcca5287aae7f430ca2b34	2013-04-18 03:25:04	2.7082805085	symm	gcc	-O2	None	512	512	Intel(R) Core(TM) i5 CPU       M 460  @ 2.53GHz	2527.06	3072	True	True
b36a3be713fcca5287aae7f430ca37c0	2013-04-18 03:24:51	0.0730932283	symm	gcc	-O2	None	256	256	Intel(R) Core(TM) i5 CPU       M 460  @ 2.53GHz	2527.06	3072	True	True
b36a3be713fcca5287aae7f430ca3d34	2013-04-18 03:24:47	32.9508869195	symm	gcc	-O2	None	1024	1024	Intel(R) Core(TM) i5 CPU       M 460  @ 2.53GHz	2527.06	3072	True	True
b36a3be713fcca5287aae7f430ca3f5c	2013-04-18 03:22:33	343.207770121	symm	gcc	-O2	None	2048	2048	Intel(R) Core(TM) i5 CPU       M 460  @ 2.53GHz	2527.06	3072	True	True
b36a3be713fcca5287aae7f430ca4a57	2013-04-18 02:59:14	2.7175582826	symm	gcc	-O2	None	512	512	Intel(R) Core(TM) i5 CPU       M 460  @ 2.53GHz	2527.06	3072	True	True
b36a3be713fcca5287aae7f430ca4a9a	2013-04-18 02:58:51	0.0069270539	symm	gcc	-O2	None	128	128	Intel(R) Core(TM) i5 CPU       M 460  @ 2.53GHz	2527.06	3072	True	True
b36a3be713fcca5287aae7f430ca4cf2	2013-04-18 02:58:49	0.0071936727	symm	gcc	-O2	None	128	128	Intel(R) Core(TM) i5 CPU       M 460  @ 2.53GHz	2527.06	3072	True	True
b36a3be713fcca5287aae7f430ca5569	2013-04-18 02:58:47	32.2179479599	symm	gcc	-O2	None	1024	1024	Intel(R) Core(TM) i5 CPU       M 460  @ 2.53GHz	2527.06	3072	True	True
b36a3be713fcca5287aae7f430ca605b	2013-04-18 02:56:35	340.386065292	symm	gcc	-O2	None	2048	2048	Intel(R) Core(TM) i5 CPU       M 460  @ 2.53GHz	2527.06	3072	True	True
b36a3be713fcca5287aae7f430ca60c4	2013-04-18 02:33:27	32.3144567013	symm	gcc	-O2	None	1024	1024	Intel(R) Core(TM) i5 CPU       M 460  @ 2.53GHz	2527.06	3072	True	True
b36a3be713fcca5287aae7f430ca6d1d	2013-04-18 02:31:16	0.0001673212	symm	gcc	-O2	None	16	16	Intel(R) Core(TM) i5 CPU       M 460  @ 2.53GHz	2527.06	3072	True	True
b36a3be713fcca5287aae7f430ca753b	2013-04-18 02:31:02	-0.0001045024	symm	gcc	-O2	None	8	8	Intel(R) Core(TM) i5 CPU       M 460  @ 2.53GHz	2527.06	3072	True	True
b36a3be713fcca5287aae7f430ca7fec	2013-04-18 02:30:48	0.0001326299	symm	gcc	-O2	None	16	16	Intel(R) Core(TM) i5 CPU       M 460  @ 2.53GHz	2527.06	3072	True	True
b36a3be713fcca5287aae7f430ca8df7	2013-04-18 02:30:45	8.9418888092E-005	symm	gcc	-O2	None	2	2	Intel(R) Core(TM) i5 CPU       M 460  @ 2.53GHz	2527.06	3072	True	True
b36a3be713fcca5287aae7f430ca9dab	2013-04-18 02:30:42	0.0733990908	symm	gcc	-O2	None	256	256	Intel(R) Core(TM) i5 CPU       M 460  @ 2.53GHz	2527.06	3072	True	True
b36a3be713fcca5287aae7f430caad5b	2013-04-18 02:30:39	0.000005939	symm	gcc	-O2	None	4	4	Intel(R) Core(TM) i5 CPU       M 460  @ 2.53GHz	2527.06	3072	True	True
b36a3be713fcca5287aae7f430cab0da	2013-04-18 02:30:36	1.27410888672E-005	symm	gcc	-O2	None	4	4	Intel(R) Core(TM) i5 CPU       M 460  @ 2.53GHz	2527.06	3072	True	True
b36a3be713fcca5287aae7f430cabb8b	2013-04-18 02:30:33	353.891747217	symm	gcc	-O2	None	2048	2048	Intel(R) Core(TM) i5 CPU       M 460  @ 2.53GHz	2527.06	3072	True	True
b36a3be713fcca5287aae7f430cac337	2013-04-18 02:06:43	0.0002154207	symm	gcc	-O2	None	4	4	Intel(R) Core(TM) i5 CPU       M 460  @ 2.53GHz	2527.06	3072	True	True
b36a3be713fcca5287aae7f430cac733	2013-04-18 02:06:40	0.0001229668	symm	gcc	-O2	None	2	2	Intel(R) Core(TM) i5 CPU       M 460  @ 2.53GHz	2527.06	3072	True	True
b36a3be713fcca5287aae7f430cac99f	2013-04-18 02:06:39	0.0727632046	symm	gcc	-O2	None	256	256	Intel(R) Core(TM) i5 CPU       M 460  @ 2.53GHz	2527.06	3072	True	True
b36a3be713fcca5287aae7f430cad528	2013-04-18 02:06:36	7.57694244385E-005	symm	gcc	-O2	None	8	8	Intel(R) Core(TM) i5 CPU       M 460  @ 2.53GHz	2527.06	3072	True	True
b36a3be713fcca5287aae7f430cade4d	2013-04-18 02:06:33	0.0070526814	symm	gcc	-O2	None	128	128	Intel(R) Core(TM) i5 CPU       M 460  @ 2.53GHz	2527.06	3072	True	True
b36a3be713fcca5287aae7f430cae8f2	2013-04-18 02:06:27	0.0001355672	symm	gcc	-O2	None	2	2	Intel(R) Core(TM) i5 CPU       M 460  @ 2.53GHz	2527.06	3072	True	True
b36a3be713fcca5287aae7f430caf2be	2013-04-18 02:06:24	-5.9130191803E-005	symm	gcc	-O2	None	2	2	Intel(R) Core(TM) i5 CPU       M 460  @ 2.53GHz	2527.06	3072	True	True
b36a3be713fcca5287aae7f430caf744	2013-04-18 02:06:21	0.0001297617	symm	gcc	-O2	None	32	32	Intel(R) Core(TM) i5 CPU       M 460  @ 2.53GHz	2527.06	3072	True	True
b36a3be713fcca5287aae7f430cafc96	2013-04-18 02:06:18	-7.34007358551E-005	symm	gcc	-O2	None	4	4	Intel(R) Core(TM) i5 CPU       M 460  @ 2.53GHz	2527.06	3072	True	True
b36a3be713fcca5287aae7f430caff2c	2013-04-18 02:06:04	0.0070495129	symm	gcc	-O2	None	128	128	Intel(R) Core(TM) i5 CPU       M 460  @ 2.53GHz	2527.06	3072	True	True
b36a3be713fcca5287aae7f430cb0e7e	2013-04-18 02:06:03	2.7316214418	symm	gcc	-O2	None	512	512	Intel(R) Core(TM) i5 CPU       M 460  @ 2.53GHz	2527.06	3072	True	True
b36a3be713fcca5287aae7f430cb0f67	2013-04-18 02:05:51	-0.0002156258	symm	gcc	-O2	None	8	8	Intel(R) Core(TM) i5 CPU       M 460  @ 2.53GHz	2527.06	3072	True	True
b36a3be713fcca5287aae7f430cb1b3f	2013-04-18 02:05:49	32.242736249	symm	gcc	-O2	None	1024	1024	Intel(R) Core(TM) i5 CPU       M 460  @ 2.53GHz	2527.06	3072	True	True
b36a3be713fcca5287aae7f430cb2390	2013-04-18 02:03:37	-2.45022773743E-005	symm	gcc	-O2	None	16	16	Intel(R) Core(TM) i5 CPU       M 460  @ 2.53GHz	2527.06	3072	True	True
b36a3be713fcca5287aae7f430cb2a1f	2013-04-18 02:03:34	0.0001168935	symm	gcc	-O2	None	4	4	Intel(R) Core(TM) i5 CPU       M 460  @ 2.53GHz	2527.06	3072	True	True
b36a3be713fcca5287aae7f430cb2e30	2013-04-18 02:03:20	0.000052743	symm	gcc	-O2	None	16	16	Intel(R) Core(TM) i5 CPU       M 460  @ 2.53GHz	2527.06	3072	True	True
b36a3be713fcca5287aae7f430cb38bf	2013-04-18 02:03:18	8.47697257996E-005	symm	gcc	-O2	None	16	16	Intel(R) Core(TM) i5 CPU       M 460  @ 2.53GHz	2527.06	3072	True	True
b36a3be713fcca5287aae7f430cb46d8	2013-04-18 02:03:15	0.000049088	symm	gcc	-O2	None	2	2	Intel(R) Core(TM) i5 CPU       M 460  @ 2.53GHz	2527.06	3072	True	True
b36a3be713fcca5287aae7f430cb5273	2013-04-18 02:03:12	0.0731079149	symm	gcc	-O2	None	256	256	Intel(R) Core(TM) i5 CPU       M 460  @ 2.53GHz	2527.06	3072	True	True
b36a3be713fcca5287aae7f430cb5c29	2013-04-18 02:03:08	32.1260725236	symm	gcc	-O2	None	1024	1024	Intel(R) Core(TM) i5 CPU       M 460  @ 2.53GHz	2527.06	3072	True	True
b36a3be713fcca5287aae7f430cb5f37	2013-04-18 02:00:46	0.0005241189	symm	gcc	-O2	None	64	64	Intel(R) Core(TM) i5 CPU       M 460  @ 2.53GHz	2527.06	3072	True	True
b36a3be713fcca5287aae7f430cb6724	2013-04-18 02:00:32	32.4074169445	symm	gcc	-O2	None	1024	1024	Intel(R) Core(TM) i5 CPU       M 460  @ 2.53GHz	2527.06	3072	True	True
b36a3be713fcca5287aae7f430cb6aff	2013-04-18 01:58:20	0.0001205111	symm	gcc	-O2	None	32	32	Intel(R) Core(TM) i5 CPU       M 460  @ 2.53GHz	2527.06	3072	True	True
b36a3be713fcca5287aae7f430cb6f50	2013-04-18 01:58:17	342.916627595	symm	gcc	-O2	None	2048	2048	Intel(R) Core(TM) i5 CPU       M 460  @ 2.53GHz	2527.06	3072	True	True
b36a3be713fcca5287aae7f430cb784e	2013-04-18 01:34:47	0.0738444757	symm	gcc	-O2	None	256	256	Intel(R) Core(TM) i5 CPU       M 460  @ 2.53GHz	2527.06	3072	True	True
b36a3be713fcca5287aae7f430cb83d0	2013-04-18 01:34:43	0.0728889275	symm	gcc	-O2	None	256	256	Intel(R) Core(TM) i5 CPU       M 460  @ 2.53GHz	2527.06	3072	True	True
b36a3be713fcca5287aae7f430cb85e2	2013-04-18 01:34:39	2.8621347666	symm	gcc	-O2	None	512	512	Intel(R) Core(TM) i5 CPU       M 460  @ 2.53GHz	2527.06	3072	True	True
b36a3be713fcca5287aae7f430cb8db2	2013-04-18 01:34:27	2.815095005	symm	gcc	-O2	None	512	512	Intel(R) Core(TM) i5 CPU       M 460  @ 2.53GHz	2527.06	3072	True	True
b36a3be713fcca5287aae7f430cb9800	2013-04-18 01:34:14	3.99422645569E-005	symm	gcc	-O2	None	8	8	Intel(R) Core(TM) i5 CPU       M 460  @ 2.53GHz	2527.06	3072	True	True
b36a3be713fcca5287aae7f430cba2af	2013-04-18 01:34:12	0.0002302003	symm	gcc	-O2	None	8	8	Intel(R) Core(TM) i5 CPU       M 460  @ 2.53GHz	2527.06	3072	True	True
b36a3be713fcca5287aae7f430cba904	2013-04-18 01:34:09	3.04698944092E-005	symm	gcc	-O2	None	4	4	Intel(R) Core(TM) i5 CPU       M 460  @ 2.53GHz	2527.06	3072	True	True
b36a3be713fcca5287aae7f430cbb558	2013-04-18 01:34:05	343.605211401	symm	gcc	-O2	None	2048	2048	Intel(R) Core(TM) i5 CPU       M 460  @ 2.53GHz	2527.06	3072	True	True
b36a3be713fcca5287aae7f430cbb6ad	2013-04-18 01:10:41	0.0005715919	symm	gcc	-O2	None	64	64	Intel(R) Core(TM) i5 CPU       M 460  @ 2.53GHz	2527.06	3072	True	True
b36a3be713fcca5287aae7f430cbbe55	2013-04-18 01:10:38	0.0732373714	symm	gcc	-O2	None	256	256	Intel(R) Core(TM) i5 CPU       M 460  @ 2.53GHz	2527.06	3072	True	True
b36a3be713fcca5287aae7f430cbcdda	2013-04-18 01:10:35	0.0731415987	symm	gcc	-O2	None	256	256	Intel(R) Core(TM) i5 CPU       M 460  @ 2.53GHz	2527.06	3072	True	True
b36a3be713fcca5287aae7f430cbdd2f	2013-04-18 01:10:30	0.0001491904	symm	gcc	-O2	None	4	4	Intel(R) Core(TM) i5 CPU       M 460  @ 2.53GHz	2527.06	3072	True	True
b36a3be713fcca5287aae7f430cbe5aa	2013-04-18 01:10:27	0.0002102852	symm	gcc	-O2	None	4	4	Intel(R) Core(TM) i5 CPU       M 460  @ 2.53GHz	2527.06	3072	True	True
b36a3be713fcca5287aae7f430cbf3af	2013-04-18 01:10:27	0.0068160868	symm	gcc	-O2	None	128	128	Intel(R) Core(TM) i5 CPU       M 460  @ 2.53GHz	2527.06	3072	True	True
b36a3be713fcca5287aae7f430cc023d	2013-04-18 01:10:25	0.0726400614	symm	gcc	-O2	None	256	256	Intel(R) Core(TM) i5 CPU       M 460  @ 2.53GHz	2527.06	3072	True	True
b36a3be713fcca5287aae7f430cc103e	2013-04-18 01:10:21	32.112713871	symm	gcc	-O2	None	1024	1024	Intel(R) Core(TM) i5 CPU       M 460  @ 2.53GHz	2527.06	3072	True	True
b36a3be713fcca5287aae7f430cc1f14	2013-04-18 01:08:10	0.0007462502	symm	gcc	-O2	None	64	64	Intel(R) Core(TM) i5 CPU       M 460  @ 2.53GHz	2527.06	3072	True	True
b36a3be713fcca5287aae7f430cc2efa	2013-04-18 01:08:07	7.84301757813E-005	symm	gcc	-O2	None	4	4	Intel(R) Core(TM) i5 CPU       M 460  @ 2.53GHz	2527.06	3072	True	True
b36a3be713fcca5287aae7f430cc39cc	2013-04-18 01:08:04	31.9651820612	symm	gcc	-O2	None	1024	1024	Intel(R) Core(TM) i5 CPU       M 460  @ 2.53GHz	2527.06	3072	True	True
b36a3be713fcca5287aae7f430cc42ca	2013-04-18 01:05:54	0.000366118	symm	gcc	-O2	None	2	2	Intel(R) Core(TM) i5 CPU       M 460  @ 2.53GHz	2527.06	3072	True	True
b36a3be713fcca5287aae7f430cc4d2e	2013-04-18 01:05:52	2.8504056191	symm	gcc	-O2	None	512	512	Intel(R) Core(TM) i5 CPU       M 460  @ 2.53GHz	2527.06	3072	True	True
b36a3be713fcca5287aae7f430cc5753	2013-04-18 01:05:39	0.0001804495	symm	gcc	-O2	None	32	32	Intel(R) Core(TM) i5 CPU       M 460  @ 2.53GHz	2527.06	3072	True	True
b36a3be713fcca5287aae7f430cc5da5	2013-04-18 01:05:36	0.0002433038	symm	gcc	-O2	None	32	32	Intel(R) Core(TM) i5 CPU       M 460  @ 2.53GHz	2527.06	3072	True	True
b36a3be713fcca5287aae7f430cc6c3f	2013-04-18 01:05:33	0.0071974826	symm	gcc	-O2	None	128	128	Intel(R) Core(TM) i5 CPU       M 460  @ 2.53GHz	2527.06	3072	True	True
b36a3be713fcca5287aae7f430cc793b	2013-04-18 01:05:28	0.0001664996	symm	gcc	-O2	None	2	2	Intel(R) Core(TM) i5 CPU       M 460  @ 2.53GHz	2527.06	3072	True	True
b36a3be713fcca5287aae7f430cc7af3	2013-04-18 01:05:25	0.0725519133	symm	gcc	-O2	None	256	256	Intel(R) Core(TM) i5 CPU       M 460  @ 2.53GHz	2527.06	3072	True	True
b36a3be713fcca5287aae7f430cc7c82	2013-04-18 01:05:21	0.0728324986	symm	gcc	-O2	None	256	256	Intel(R) Core(TM) i5 CPU       M 460  @ 2.53GHz	2527.06	3072	True	True
b36a3be713fcca5287aae7f430cc7d1f	2013-04-18 01:05:16	8.58592987061E-005	symm	gcc	-O2	None	16	16	Intel(R) Core(TM) i5 CPU       M 460  @ 2.53GHz	2527.06	3072	True	True
b36a3be713fcca5287aae7f430cc84b9	2013-04-18 01:05:13	0.0001116419	symm	gcc	-O2	None	32	32	Intel(R) Core(TM) i5 CPU       M 460  @ 2.53GHz	2527.06	3072	True	True
b36a3be713fcca5287aae7f430cc8992	2013-04-18 01:05:10	0.0001814079	symm	gcc	-O2	None	4	4	Intel(R) Core(TM) i5 CPU       M 460  @ 2.53GHz	2527.06	3072	True	True
b36a3be713fcca5287aae7f430cc8b31	2013-04-18 01:05:09	0.0001388502	symm	gcc	-O2	None	8	8	Intel(R) Core(TM) i5 CPU       M 460  @ 2.53GHz	2527.06	3072	True	True
b36a3be713fcca5287aae7f430cc97b3	2013-04-18 01:05:06	0.00033988	symm	gcc	-O2	None	32	32	Intel(R) Core(TM) i5 CPU       M 460  @ 2.53GHz	2527.06	3072	True	True
b36a3be713fcca5287aae7f430cc97c8	2013-04-18 01:05:03	2.7588018584	symm	gcc	-O2	None	512	512	Intel(R) Core(TM) i5 CPU       M 460  @ 2.53GHz	2527.06	3072	True	True
b36a3be713fcca5287aae7f430cc983c	2013-04-18 01:04:50	0.0003140521	symm	gcc	-O2	None	32	32	Intel(R) Core(TM) i5 CPU       M 460  @ 2.53GHz	2527.06	3072	True	True
b36a3be713fcca5287aae7f430cca113	2013-04-18 01:04:47	6.79016113281E-006	symm	gcc	-O2	None	2	2	Intel(R) Core(TM) i5 CPU       M 460  @ 2.53GHz	2527.06	3072	True	True
b36a3be713fcca5287aae7f430cca877	2013-04-18 01:04:43	346.504754851	symm	gcc	-O2	None	2048	2048	Intel(R) Core(TM) i5 CPU       M 460  @ 2.53GHz	2527.06	3072	True	True
b36a3be713fcca5287aae7f430ccb5f9	2013-04-18 00:41:17	0.0001407719	symm	gcc	-O2	None	8	8	Intel(R) Core(TM) i5 CPU       M 460  @ 2.53GHz	2527.06	3072	True	True
b36a3be713fcca5287aae7f430ccb7dc	2013-04-18 00:41:15	0.072931385	symm	gcc	-O2	None	256	256	Intel(R) Core(TM) i5 CPU       M 460  @ 2.53GHz	2527.06	3072	True	True
b36a3be713fcca5287aae7f430ccc0df	2013-04-18 00:41:12	0.0001480699	symm	gcc	-O2	None	8	8	Intel(R) Core(TM) i5 CPU       M 460  @ 2.53GHz	2527.06	3072	True	True
b36a3be713fcca5287aae7f430ccc3ab	2013-04-18 00:41:09	0.072965174	symm	gcc	-O2	None	256	256	Intel(R) Core(TM) i5 CPU       M 460  @ 2.53GHz	2527.06	3072	True	True
b36a3be713fcca5287aae7f430ccc695	2013-04-18 00:40:54	-6.90507888794E-005	symm	gcc	-O2	None	16	16	Intel(R) Core(TM) i5 CPU       M 460  @ 2.53GHz	2527.06	3072	True	True
b36a3be713fcca5287aae7f430ccd510	2013-04-18 00:40:51	31.7324628448	symm	gcc	-O2	None	1024	1024	Intel(R) Core(TM) i5 CPU       M 460  @ 2.53GHz	2527.06	3072	True	True
b36a3be713fcca5287aae7f430ccda47	2013-04-18 00:38:42	2.7783600855	symm	gcc	-O2	None	512	512	Intel(R) Core(TM) i5 CPU       M 460  @ 2.53GHz	2527.06	3072	True	True
b36a3be713fcca5287aae7f430ccddf0	2013-04-18 00:38:29	0.0731293702	symm	gcc	-O2	None	256	256	Intel(R) Core(TM) i5 CPU       M 460  @ 2.53GHz	2527.06	3072	True	True
b36a3be713fcca5287aae7f430ccea04	2013-04-18 00:38:25	0.0002408211	symm	gcc	-O2	None	8	8	Intel(R) Core(TM) i5 CPU       M 460  @ 2.53GHz	2527.06	3072	True	True
b36a3be713fcca5287aae7f430ccebbd	2013-04-18 00:38:12	0.0001062894	symm	gcc	-O2	None	2	2	Intel(R) Core(TM) i5 CPU       M 460  @ 2.53GHz	2527.06	3072	True	True
b36a3be713fcca5287aae7f430ccef21	2013-04-18 00:38:09	0.0068519115	symm	gcc	-O2	None	128	128	Intel(R) Core(TM) i5 CPU       M 460  @ 2.53GHz	2527.06	3072	True	True
b36a3be713fcca5287aae7f430ccf954	2013-04-18 00:38:08	354.012092948	symm	gcc	-O2	None	2048	2048	Intel(R) Core(TM) i5 CPU       M 460  @ 2.53GHz	2527.06	3072	True	True
b36a3be713fcca5287aae7f430ccffd3	2013-04-18 00:14:26	337.169430127	symm	gcc	-O2	None	2048	2048	Intel(R) Core(TM) i5 CPU       M 460  @ 2.53GHz	2527.06	3072	True	True
b36a3be713fcca5287aae7f430cd0bc8	2013-04-17 23:51:46	9.53197479248E-005	symm	gcc	-O2	None	16	16	Intel(R) Core(TM) i5 CPU       M 460  @ 2.53GHz	2527.06	3072	True	True
b36a3be713fcca5287aae7f430cd10c9	2013-04-17 23:51:43	9.87696647644E-005	symm	gcc	-O2	None	8	8	Intel(R) Core(TM) i5 CPU       M 460  @ 2.53GHz	2527.06	3072	True	True
b36a3be713fcca5287aae7f430cd1245	2013-04-17 23:51:40	2.7703642154	symm	gcc	-O2	None	512	512	Intel(R) Core(TM) i5 CPU       M 460  @ 2.53GHz	2527.06	3072	True	True
b36a3be713fcca5287aae7f430cd19cc	2013-04-17 23:51:27	2.7283476687	symm	gcc	-O2	None	512	512	Intel(R) Core(TM) i5 CPU       M 460  @ 2.53GHz	2527.06	3072	True	True
b36a3be713fcca5287aae7f430cd19ef	2013-04-17 23:51:14	31.1538124084	symm	gcc	-O2	None	1024	1024	Intel(R) Core(TM) i5 CPU       M 460  @ 2.53GHz	2527.06	3072	True	True
b36a3be713fcca5287aae7f430cd1a0d	2013-04-17 23:49:09	0.0001598787	symm	gcc	-O2	None	8	8	Intel(R) Core(TM) i5 CPU       M 460  @ 2.53GHz	2527.06	3072	True	True
b36a3be713fcca5287aae7f430cd2051	2013-04-17 23:49:06	0.0001925373	symm	gcc	-O2	None	8	8	Intel(R) Core(TM) i5 CPU       M 460  @ 2.53GHz	2527.06	3072	True	True
b36a3be713fcca5287aae7f430cd2415	2013-04-17 23:49:03	-5.05924224854E-005	symm	gcc	-O2	None	16	16	Intel(R) Core(TM) i5 CPU       M 460  @ 2.53GHz	2527.06	3072	True	True
b36a3be713fcca5287aae7f430cd313c	2013-04-17 23:49:02	0.0002514005	symm	gcc	-O2	None	32	32	Intel(R) Core(TM) i5 CPU       M 460  @ 2.53GHz	2527.06	3072	True	True
b36a3be713fcca5287aae7f430cd394a	2013-04-17 23:48:59	2.8163929701	symm	gcc	-O2	None	512	512	Intel(R) Core(TM) i5 CPU       M 460  @ 2.53GHz	2527.06	3072	True	True
b36a3be713fcca5287aae7f430cd473b	2013-04-17 23:48:47	0.0001416206	symm	gcc	-O2	None	32	32	Intel(R) Core(TM) i5 CPU       M 460  @ 2.53GHz	2527.06	3072	True	True
b36a3be713fcca5287aae7f430cd53ba	2013-04-17 23:48:44	0.0723422146	symm	gcc	-O2	None	256	256	Intel(R) Core(TM) i5 CPU       M 460  @ 2.53GHz	2527.06	3072	True	True
b36a3be713fcca5287aae7f430cd5c6c	2013-04-17 23:48:40	2.04491615295E-005	symm	gcc	-O2	None	2	2	Intel(R) Core(TM) i5 CPU       M 460  @ 2.53GHz	2527.06	3072	True	True
b36a3be713fcca5287aae7f430cd638a	2013-04-17 23:48:37	0.0722847676	symm	gcc	-O2	None	256	256	Intel(R) Core(TM) i5 CPU       M 460  @ 2.53GHz	2527.06	3072	True	True
b36a3be713fcca5287aae7f430cd677a	2013-04-17 23:48:33	0.0067857027	symm	gcc	-O2	None	128	128	Intel(R) Core(TM) i5 CPU       M 460  @ 2.53GHz	2527.06	3072	True	True
b36a3be713fcca5287aae7f430cd6aaf	2013-04-17 23:48:32	0.0001290178	symm	gcc	-O2	None	4	4	Intel(R) Core(TM) i5 CPU       M 460  @ 2.53GHz	2527.06	3072	True	True
b36a3be713fcca5287aae7f430cd7472	2013-04-17 23:48:29	0.0070832181	symm	gcc	-O2	None	128	128	Intel(R) Core(TM) i5 CPU       M 460  @ 2.53GHz	2527.06	3072	True	True
b36a3be713fcca5287aae7f430cd7c9d	2013-04-17 23:48:22	31.0029465866	symm	gcc	-O2	None	1024	1024	Intel(R) Core(TM) i5 CPU       M 460  @ 2.53GHz	2527.06	3072	True	True
b36a3be713fcca5287aae7f430cd8815	2013-04-17 23:46:16	0.0002529645	symm	gcc	-O2	None	4	4	Intel(R) Core(TM) i5 CPU       M 460  @ 2.53GHz	2527.06	3072	True	True
b36a3be713fcca5287aae7f430cd929c	2013-04-17 23:46:14	0.000893836	symm	gcc	-O2	None	64	64	Intel(R) Core(TM) i5 CPU       M 460  @ 2.53GHz	2527.06	3072	True	True
b36a3be713fcca5287aae7f430cd972b	2013-04-17 23:46:12	0.0002130675	symm	gcc	-O2	None	4	4	Intel(R) Core(TM) i5 CPU       M 460  @ 2.53GHz	2527.06	3072	True	True
b36a3be713fcca5287aae7f430cda0c4	2013-04-17 23:46:09	30.9362713575	symm	gcc	-O2	None	1024	1024	Intel(R) Core(TM) i5 CPU       M 460  @ 2.53GHz	2527.06	3072	True	True
b36a3be713fcca5287aae7f430cda632	2013-04-17 23:44:03	0.0003400588	symm	gcc	-O2	None	8	8	Intel(R) Core(TM) i5 CPU       M 460  @ 2.53GHz	2527.06	3072	True	True
b36a3be713fcca5287aae7f430cdb5b7	2013-04-17 23:44:00	0.0738970137	symm	gcc	-O2	None	256	256	Intel(R) Core(TM) i5 CPU       M 460  @ 2.53GHz	2527.06	3072	True	True
b36a3be713fcca5287aae7f430cdbf72	2013-04-17 23:43:56	31.1579683113	symm	gcc	-O2	None	1024	1024	Intel(R) Core(TM) i5 CPU       M 460  @ 2.53GHz	2527.06	3072	True	True
b36a3be713fcca5287aae7f430cdcaea	2013-04-17 23:41:49	0.0069412565	symm	gcc	-O2	None	128	128	Intel(R) Core(TM) i5 CPU       M 460  @ 2.53GHz	2527.06	3072	True	True
b36a3be713fcca5287aae7f430cdd647	2013-04-17 23:41:47	0.0074275279	symm	gcc	-O2	None	128	128	Intel(R) Core(TM) i5 CPU       M 460  @ 2.53GHz	2527.06	3072	True	True
b36a3be713fcca5287aae7f430cde56f	2013-04-17 23:41:42	5.59372901917E-005	symm	gcc	-O2	None	4	4	Intel(R) Core(TM) i5 CPU       M 460  @ 2.53GHz	2527.06	3072	True	True
b36a3be713fcca5287aae7f430cde846	2013-04-17 23:41:28	2.7739215567	symm	gcc	-O2	None	512	512	Intel(R) Core(TM) i5 CPU       M 460  @ 2.53GHz	2527.06	3072	True	True
b36a3be713fcca5287aae7f430cdf1ab	2013-04-17 23:41:05	2.848871398	symm	gcc	-O2	None	512	512	Intel(R) Core(TM) i5 CPU       M 460  @ 2.53GHz	2527.06	3072	True	True
b36a3be713fcca5287aae7f430cdf68f	2013-04-17 23:40:53	0.0002480268	symm	gcc	-O2	None	64	64	Intel(R) Core(TM) i5 CPU       M 460  @ 2.53GHz	2527.06	3072	True	True
b36a3be713fcca5287aae7f430ce042c	2013-04-17 23:40:52	31.1384968877	symm	gcc	-O2	None	1024	1024	Intel(R) Core(TM) i5 CPU       M 460  @ 2.53GHz	2527.06	3072	True	True
b36a3be713fcca5287aae7f430ce07e8	2013-04-17 23:38:45	0.0006501293	symm	gcc	-O2	None	64	64	Intel(R) Core(TM) i5 CPU       M 460  @ 2.53GHz	2527.06	3072	True	True
b36a3be713fcca5287aae7f430ce08df	2013-04-17 23:38:42	1.13487243652E-005	symm	gcc	-O2	None	2	2	Intel(R) Core(TM) i5 CPU       M 460  @ 2.53GHz	2527.06	3072	True	True
b36a3be713fcca5287aae7f430ce0996	2013-04-17 23:38:39	-8.72373580933E-005	symm	gcc	-O2	None	8	8	Intel(R) Core(TM) i5 CPU       M 460  @ 2.53GHz	2527.06	3072	True	True
b36a3be713fcca5287aae7f430ce164a	2013-04-17 23:38:36	0.0725786233	symm	gcc	-O2	None	256	256	Intel(R) Core(TM) i5 CPU       M 460  @ 2.53GHz	2527.06	3072	True	True
b36a3be713fcca5287aae7f430ce25e5	2013-04-17 23:38:32	0.0002731824	symm	gcc	-O2	None	64	64	Intel(R) Core(TM) i5 CPU       M 460  @ 2.53GHz	2527.06	3072	True	True
b36a3be713fcca5287aae7f430ce2c27	2013-04-17 23:38:30	8.42523574829E-005	symm	gcc	-O2	None	16	16	Intel(R) Core(TM) i5 CPU       M 460  @ 2.53GHz	2527.06	3072	True	True
b36a3be713fcca5287aae7f430ce3886	2013-04-17 23:38:28	334.4825931	symm	gcc	-O2	None	2048	2048	Intel(R) Core(TM) i5 CPU       M 460  @ 2.53GHz	2527.06	3072	True	True
b36a3be713fcca5287aae7f430ce4053	2013-04-17 23:16:01	0.0004728889	symm	gcc	-O2	None	64	64	Intel(R) Core(TM) i5 CPU       M 460  @ 2.53GHz	2527.06	3072	True	True
b36a3be713fcca5287aae7f430ce4447	2013-04-17 23:15:58	0.0004154706	symm	gcc	-O2	None	32	32	Intel(R) Core(TM) i5 CPU       M 460  @ 2.53GHz	2527.06	3072	True	True
b36a3be713fcca5287aae7f430ce451f	2013-04-17 23:15:56	2.714537425	symm	gcc	-O2	None	512	512	Intel(R) Core(TM) i5 CPU       M 460  @ 2.53GHz	2527.06	3072	True	True
b36a3be713fcca5287aae7f430ce5150	2013-04-17 23:15:44	8.26001167297E-005	symm	gcc	-O2	None	8	8	Intel(R) Core(TM) i5 CPU       M 460  @ 2.53GHz	2527.06	3072	True	True
b36a3be713fcca5287aae7f430ce56b8	2013-04-17 23:15:41	-0.0003221083	symm	gcc	-O2	None	16	16	Intel(R) Core(TM) i5 CPU       M 460  @ 2.53GHz	2527.06	3072	True	True
b36a3be713fcca5287aae7f430ce57b0	2013-04-17 23:15:39	0.0009084654	symm	gcc	-O2	None	32	32	Intel(R) Core(TM) i5 CPU       M 460  @ 2.53GHz	2527.06	3072	True	True
b36a3be713fcca5287aae7f430ce609b	2013-04-17 23:15:37	-9.72414016724E-005	symm	gcc	-O2	None	8	8	Intel(R) Core(TM) i5 CPU       M 460  @ 2.53GHz	2527.06	3072	True	True
b36a3be713fcca5287aae7f430ce6ba4	2013-04-17 23:15:34	30.9545108795	symm	gcc	-O2	None	1024	1024	Intel(R) Core(TM) i5 CPU       M 460  @ 2.53GHz	2527.06	3072	True	True
b36a3be713fcca5287aae7f430ce75f1	2013-04-17 23:13:29	0.0719558764	symm	gcc	-O2	None	256	256	Intel(R) Core(TM) i5 CPU       M 460  @ 2.53GHz	2527.06	3072	True	True
b36a3be713fcca5287aae7f430ce7f92	2013-04-17 23:13:25	2.825102365	symm	gcc	-O2	None	512	512	Intel(R) Core(TM) i5 CPU       M 460  @ 2.53GHz	2527.06	3072	True	True
b36a3be713fcca5287aae7f430ce8873	2013-04-17 23:13:12	0.0727080894	symm	gcc	-O2	None	256	256	Intel(R) Core(TM) i5 CPU       M 460  @ 2.53GHz	2527.06	3072	True	True
b36a3be713fcca5287aae7f430ce8abc	2013-04-17 23:13:07	0.000100441	symm	gcc	-O2	None	2	2	Intel(R) Core(TM) i5 CPU       M 460  @ 2.53GHz	2527.06	3072	True	True
b36a3be713fcca5287aae7f430ce8c97	2013-04-17 23:13:04	0.0070113015	symm	gcc	-O2	None	128	128	Intel(R) Core(TM) i5 CPU       M 460  @ 2.53GHz	2527.06	3072	True	True
b36a3be713fcca5287aae7f430ce95c5	2013-04-17 23:13:02	0.0069949365	symm	gcc	-O2	None	128	128	Intel(R) Core(TM) i5 CPU       M 460  @ 2.53GHz	2527.06	3072	True	True
b36a3be713fcca5287aae7f430cea0a5	2013-04-17 23:13:00	31.0596805739	symm	gcc	-O2	None	1024	1024	Intel(R) Core(TM) i5 CPU       M 460  @ 2.53GHz	2527.06	3072	True	True
b36a3be713fcca5287aae7f430ceac62	2013-04-17 23:10:54	2.8246654844	symm	gcc	-O2	None	512	512	Intel(R) Core(TM) i5 CPU       M 460  @ 2.53GHz	2527.06	3072	True	True
b36a3be713fcca5287aae7f430ceb06c	2013-04-17 23:10:41	0.0724151492	symm	gcc	-O2	None	256	256	Intel(R) Core(TM) i5 CPU       M 460  @ 2.53GHz	2527.06	3072	True	True
b36a3be713fcca5287aae7f430ceb2d2	2013-04-17 23:10:37	0.0720380425	symm	gcc	-O2	None	256	256	Intel(R) Core(TM) i5 CPU       M 460  @ 2.53GHz	2527.06	3072	True	True
b36a3be713fcca5287aae7f430ceb8aa	2013-04-17 23:10:33	0.0001770592	symm	gcc	-O2	None	4	4	Intel(R) Core(TM) i5 CPU       M 460  @ 2.53GHz	2527.06	3072	True	True
b36a3be713fcca5287aae7f430cec381	2013-04-17 23:10:30	0.000233078	symm	gcc	-O2	None	32	32	Intel(R) Core(TM) i5 CPU       M 460  @ 2.53GHz	2527.06	3072	True	True
b36a3be713fcca5287aae7f430cec9e5	2013-04-17 23:10:28	0.0004863882	symm	gcc	-O2	None	64	64	Intel(R) Core(TM) i5 CPU       M 460  @ 2.53GHz	2527.06	3072	True	True
b36a3be713fcca5287aae7f430ced2c4	2013-04-17 23:10:25	-0.000045433	symm	gcc	-O2	None	2	2	Intel(R) Core(TM) i5 CPU       M 460  @ 2.53GHz	2527.06	3072	True	True
b36a3be713fcca5287aae7f430ced966	2013-04-17 23:10:22	30.9288004446	symm	gcc	-O2	None	1024	1024	Intel(R) Core(TM) i5 CPU       M 460  @ 2.53GHz	2527.06	3072	True	True
b36a3be713fcca5287aae7f430cee356	2013-04-17 23:08:15	9.12272930145E-005	symm	gcc	-O2	None	4	4	Intel(R) Core(TM) i5 CPU       M 460  @ 2.53GHz	2527.06	3072	True	True
b36a3be713fcca5287aae7f430cee8a2	2013-04-17 23:08:01	0.0070210409	symm	gcc	-O2	None	128	128	Intel(R) Core(TM) i5 CPU       M 460  @ 2.53GHz	2527.06	3072	True	True
b36a3be713fcca5287aae7f430cee8eb	2013-04-17 23:07:59	334.930810738	symm	gcc	-O2	None	2048	2048	Intel(R) Core(TM) i5 CPU       M 460  @ 2.53GHz	2527.06	3072	True	True
b36a3be713fcca5287aae7f430cef6c0	2013-04-17 22:45:12	333.330603569	symm	gcc	-O2	None	2048	2048	Intel(R) Core(TM) i5 CPU       M 460  @ 2.53GHz	2527.06	3072	True	True
b36a3be713fcca5287aae7f430cefa88	2013-04-17 22:22:53	0.006911478	symm	gcc	-O2	None	128	128	Intel(R) Core(TM) i5 CPU       M 460  @ 2.53GHz	2527.06	3072	True	True
b36a3be713fcca5287aae7f430cefd5e	2013-04-17 22:22:50	2.8876643467	symm	gcc	-O2	None	512	512	Intel(R) Core(TM) i5 CPU       M 460  @ 2.53GHz	2527.06	3072	True	True
b36a3be713fcca5287aae7f430cf018d	2013-04-17 22:22:37	0.0068283439	symm	gcc	-O2	None	128	128	Intel(R) Core(TM) i5 CPU       M 460  @ 2.53GHz	2527.06	3072	True	True
b36a3be713fcca5287aae7f430cf10cf	2013-04-17 22:22:35	0.000160532	symm	gcc	-O2	None	32	32	Intel(R) Core(TM) i5 CPU       M 460  @ 2.53GHz	2527.06	3072	True	True
b36a3be713fcca5287aae7f430cf1912	2013-04-17 22:22:33	0.0004691505	symm	gcc	-O2	None	64	64	Intel(R) Core(TM) i5 CPU       M 460  @ 2.53GHz	2527.06	3072	True	True
b36a3be713fcca5287aae7f430cf21b6	2013-04-17 22:22:31	30.8346980786	symm	gcc	-O2	None	1024	1024	Intel(R) Core(TM) i5 CPU       M 460  @ 2.53GHz	2527.06	3072	True	True
b36a3be713fcca5287aae7f430cf228f	2013-04-17 22:20:25	9.99665260315E-005	symm	gcc	-O2	None	16	16	Intel(R) Core(TM) i5 CPU       M 460  @ 2.53GHz	2527.06	3072	True	True
b36a3be713fcca5287aae7f430cf2979	2013-04-17 22:20:23	0.00009763	symm	gcc	-O2	None	4	4	Intel(R) Core(TM) i5 CPU       M 460  @ 2.53GHz	2527.06	3072	True	True
b36a3be713fcca5287aae7f430cf3801	2013-04-17 22:20:20	-3.45408916473E-005	symm	gcc	-O2	None	16	16	Intel(R) Core(TM) i5 CPU       M 460  @ 2.53GHz	2527.06	3072	True	True
b36a3be713fcca5287aae7f430cf443e	2013-04-17 22:20:06	0.0001751781	symm	gcc	-O2	None	4	4	Intel(R) Core(TM) i5 CPU       M 460  @ 2.53GHz	2527.06	3072	True	True
b36a3be713fcca5287aae7f430cf4e23	2013-04-17 22:20:03	0.00014709	symm	gcc	-O2	None	4	4	Intel(R) Core(TM) i5 CPU       M 460  @ 2.53GHz	2527.06	3072	True	True
b36a3be713fcca5287aae7f430cf50b2	2013-04-17 22:20:00	30.907303791	symm	gcc	-O2	None	1024	1024	Intel(R) Core(TM) i5 CPU       M 460  @ 2.53GHz	2527.06	3072	True	True
b36a3be713fcca5287aae7f430cf5dc9	2013-04-17 22:17:53	318.397173383	symm	gcc	-O2	None	2048	2048	Intel(R) Core(TM) i5 CPU       M 460  @ 2.53GHz	2527.06	3072	True	True
b36a3be713fcca5287aae7f430cf6b7e	2013-04-17 21:56:22	2.6444814992	symm	gcc	-O2	None	512	512	Intel(R) Core(TM) i5 CPU       M 460  @ 2.53GHz	2527.06	3072	True	True
b36a3be713fcca5287aae7f430cf79d6	2013-04-17 21:56:10	-7.71284103394E-005	symm	gcc	-O2	None	16	16	Intel(R) Core(TM) i5 CPU       M 460  @ 2.53GHz	2527.06	3072	True	True
b36a3be713fcca5287aae7f430cf8688	2013-04-17 21:56:08	-7.77006149292E-006	symm	gcc	-O2	None	16	16	Intel(R) Core(TM) i5 CPU       M 460  @ 2.53GHz	2527.06	3072	True	True
b36a3be713fcca5287aae7f430cf905e	2013-04-17 21:56:06	-7.13849067688E-005	symm	gcc	-O2	None	2	2	Intel(R) Core(TM) i5 CPU       M 460  @ 2.53GHz	2527.06	3072	True	True
b36a3be713fcca5287aae7f430cf953a	2013-04-17 21:56:04	0.0725933337	symm	gcc	-O2	None	256	256	Intel(R) Core(TM) i5 CPU       M 460  @ 2.53GHz	2527.06	3072	True	True
b36a3be713fcca5287aae7f430cf9860	2013-04-17 21:56:00	-4.42838668823E-005	symm	gcc	-O2	None	4	4	Intel(R) Core(TM) i5 CPU       M 460  @ 2.53GHz	2527.06	3072	True	True
b36a3be713fcca5287aae7f430cfa2bb	2013-04-17 21:55:50	0.0071798205	symm	gcc	-O2	None	128	128	Intel(R) Core(TM) i5 CPU       M 460  @ 2.53GHz	2527.06	3072	True	True
b36a3be713fcca5287aae7f430cfa4ed	2013-04-17 21:55:45	0.0006264522	symm	gcc	-O2	None	64	64	Intel(R) Core(TM) i5 CPU       M 460  @ 2.53GHz	2527.06	3072	True	True
b36a3be713fcca5287aae7f430cfb1c0	2013-04-17 21:55:32	29.9357620907	symm	gcc	-O2	None	1024	1024	Intel(R) Core(TM) i5 CPU       M 460  @ 2.53GHz	2527.06	3072	True	True
b36a3be713fcca5287aae7f430cfb21e	2013-04-17 21:53:30	29.8719115088	symm	gcc	-O2	None	1024	1024	Intel(R) Core(TM) i5 CPU       M 460  @ 2.53GHz	2527.06	3072	True	True
b36a3be713fcca5287aae7f430cfbd9e	2013-04-17 21:51:19	28.922600317	symm	gcc	-O2	None	1024	1024	Intel(R) Core(TM) i5 CPU       M 460  @ 2.53GHz	2527.06	3072	True	True
b36a3be713fcca5287aae7f430cfc6fc	2013-04-17 21:49:19	2.4493747783	symm	gcc	-O2	None	512	512	Intel(R) Core(TM) i5 CPU       M 460  @ 2.53GHz	2527.06	3072	True	True
b36a3be713fcca5287aae7f430cfd210	2013-04-17 21:48:57	0.0002681112	symm	gcc	-O2	None	2	2	Intel(R) Core(TM) i5 CPU       M 460  @ 2.53GHz	2527.06	3072	True	True
b36a3be713fcca5287aae7f430cfd874	2013-04-17 21:48:54	0.0070245628	symm	gcc	-O2	None	128	128	Intel(R) Core(TM) i5 CPU       M 460  @ 2.53GHz	2527.06	3072	True	True
